core_type,issue_width,rob_size,l1d_mshrs,l1d_size,l1d_assoc,l2_size,ipc_compute,config_id,cost,is_feasible,ipc_latency,ipc_concurrency
DerivO3CPU,2,32,2,16kB,2,512kB,0.886552,0,686.4,True,0.473365,0.52373
DerivO3CPU,2,32,2,16kB,2,1MB,0.886552,1,1198.4,True,0.529719,0.569712
DerivO3CPU,2,32,2,16kB,2,2MB,0.886552,2,2222.4,False,0.599599,0.620885
DerivO3CPU,2,32,2,16kB,4,512kB,0.886728,3,686.8,True,0.473479,0.523238
DerivO3CPU,2,32,2,16kB,4,1MB,0.886728,4,1198.8,True,0.529425,0.569863
DerivO3CPU,2,32,2,16kB,4,2MB,0.886728,5,2222.8,False,0.599599,0.620996
DerivO3CPU,2,32,2,16kB,8,512kB,0.886728,6,687.6,True,0.473415,0.523182
DerivO3CPU,2,32,2,16kB,8,1MB,0.886728,7,1199.6,True,0.529448,0.569741
DerivO3CPU,2,32,2,16kB,8,2MB,0.886728,8,2223.6,False,0.599599,0.620996
DerivO3CPU,2,32,2,32kB,2,512kB,0.886728,9,702.8,True,0.474529,0.524976
DerivO3CPU,2,32,2,32kB,2,1MB,0.886728,10,1214.8,True,0.530142,0.571645
DerivO3CPU,2,32,2,32kB,2,2MB,0.886728,11,2238.8,False,0.599618,0.620996
DerivO3CPU,2,32,2,32kB,4,512kB,0.886728,12,703.6,True,0.47458,0.524633
DerivO3CPU,2,32,2,32kB,4,1MB,0.886728,13,1215.6,True,0.530204,0.571124
DerivO3CPU,2,32,2,32kB,4,2MB,0.886728,14,2239.6,False,0.599616,0.620996
DerivO3CPU,2,32,2,32kB,8,512kB,0.886728,15,705.2,True,0.474359,0.523818
DerivO3CPU,2,32,2,32kB,8,1MB,0.886728,16,1217.2,True,0.530032,0.570638
DerivO3CPU,2,32,2,32kB,8,2MB,0.886728,17,2241.2,False,0.599616,0.620996
DerivO3CPU,2,32,2,64kB,2,512kB,0.886805,18,735.6,True,0.475924,0.528222
DerivO3CPU,2,32,2,64kB,2,1MB,0.886805,19,1247.6,True,0.531799,0.57426
DerivO3CPU,2,32,2,64kB,2,2MB,0.886805,20,2271.6,False,0.599662,0.620996
DerivO3CPU,2,32,2,64kB,4,512kB,0.886805,21,737.2,True,0.475805,0.527794
DerivO3CPU,2,32,2,64kB,4,1MB,0.886805,22,1249.2,True,0.531683,0.57381
DerivO3CPU,2,32,2,64kB,4,2MB,0.886805,23,2273.2,False,0.599662,0.620996
DerivO3CPU,2,32,2,64kB,8,512kB,0.886805,24,740.4,True,0.475524,0.526738
DerivO3CPU,2,32,2,64kB,8,1MB,0.886805,25,1252.4,True,0.531639,0.572525
DerivO3CPU,2,32,2,64kB,8,2MB,0.886805,26,2276.4,False,0.599662,0.621048
DerivO3CPU,2,32,4,16kB,2,512kB,0.886728,27,696.4,True,0.473526,0.559413
DerivO3CPU,2,32,4,16kB,2,1MB,0.886728,28,1208.4,True,0.529602,0.58741
DerivO3CPU,2,32,4,16kB,2,2MB,0.886728,29,2232.4,False,0.599599,0.628043
DerivO3CPU,2,32,4,16kB,4,512kB,0.886964,30,696.8,True,0.473784,0.560081
DerivO3CPU,2,32,4,16kB,4,1MB,0.886964,31,1208.8,True,0.529657,0.587079
DerivO3CPU,2,32,4,16kB,4,2MB,0.886964,32,2232.8,False,0.59968,0.628059
DerivO3CPU,2,32,4,16kB,8,512kB,0.886964,33,697.6,True,0.473612,0.560015
DerivO3CPU,2,32,4,16kB,8,1MB,0.886964,34,1209.6,True,0.529697,0.587101
DerivO3CPU,2,32,4,16kB,8,2MB,0.886964,35,2233.6,False,0.59968,0.628059
DerivO3CPU,2,32,4,32kB,2,512kB,0.886964,36,712.8,True,0.474689,0.560885
DerivO3CPU,2,32,4,32kB,2,1MB,0.886964,37,1224.8,True,0.530371,0.588447
DerivO3CPU,2,32,4,32kB,2,2MB,0.886964,38,2248.8,False,0.599683,0.628059
DerivO3CPU,2,32,4,32kB,4,512kB,0.886964,39,713.6,True,0.474667,0.560723
DerivO3CPU,2,32,4,32kB,4,1MB,0.886964,40,1225.6,True,0.530303,0.588137
DerivO3CPU,2,32,4,32kB,4,2MB,0.886964,41,2249.6,False,0.599683,0.628059
DerivO3CPU,2,32,4,32kB,8,512kB,0.886964,42,715.2,True,0.474635,0.560453
DerivO3CPU,2,32,4,32kB,8,1MB,0.886964,43,1227.2,True,0.530311,0.588181
DerivO3CPU,2,32,4,32kB,8,2MB,0.886964,44,2251.2,False,0.599683,0.628059
DerivO3CPU,2,32,4,64kB,2,512kB,0.8871,45,745.6,True,0.47595,0.563066
DerivO3CPU,2,32,4,64kB,2,1MB,0.8871,46,1257.6,True,0.531821,0.58967
DerivO3CPU,2,32,4,64kB,2,2MB,0.8871,47,2281.6,False,0.599889,0.628081
DerivO3CPU,2,32,4,64kB,4,512kB,0.8871,48,747.2,True,0.475819,0.562779
DerivO3CPU,2,32,4,64kB,4,1MB,0.8871,49,1259.2,True,0.531705,0.589428
DerivO3CPU,2,32,4,64kB,4,2MB,0.8871,50,2283.2,False,0.599885,0.628079
DerivO3CPU,2,32,4,64kB,8,512kB,0.8871,51,750.4,True,0.475545,0.562265
DerivO3CPU,2,32,4,64kB,8,1MB,0.8871,52,1262.4,True,0.531661,0.589191
DerivO3CPU,2,32,4,64kB,8,2MB,0.8871,53,2286.4,False,0.599882,0.628108
DerivO3CPU,2,32,8,16kB,2,512kB,0.886728,54,716.4,True,0.473526,0.568058
DerivO3CPU,2,32,8,16kB,2,1MB,0.886728,55,1228.4,True,0.529602,0.587602
DerivO3CPU,2,32,8,16kB,2,2MB,0.886728,56,2252.4,False,0.599599,0.628471
DerivO3CPU,2,32,8,16kB,4,512kB,0.886964,57,716.8,True,0.473784,0.569425
DerivO3CPU,2,32,8,16kB,4,1MB,0.886964,58,1228.8,True,0.529657,0.587079
DerivO3CPU,2,32,8,16kB,4,2MB,0.886964,59,2252.8,False,0.59968,0.628508
DerivO3CPU,2,32,8,16kB,8,512kB,0.886964,60,717.6,True,0.473612,0.56856
DerivO3CPU,2,32,8,16kB,8,1MB,0.886964,61,1229.6,True,0.529697,0.587101
DerivO3CPU,2,32,8,16kB,8,2MB,0.886964,62,2253.6,False,0.59968,0.628508
DerivO3CPU,2,32,8,32kB,2,512kB,0.886964,63,732.8,True,0.474689,0.569403
DerivO3CPU,2,32,8,32kB,2,1MB,0.886964,64,1244.8,True,0.530371,0.588446
DerivO3CPU,2,32,8,32kB,2,2MB,0.886964,65,2268.8,False,0.599683,0.628508
DerivO3CPU,2,32,8,32kB,4,512kB,0.886964,66,733.6,True,0.474667,0.569419
DerivO3CPU,2,32,8,32kB,4,1MB,0.886964,67,1245.6,True,0.530303,0.588258
DerivO3CPU,2,32,8,32kB,4,2MB,0.886964,68,2269.6,False,0.599683,0.628508
DerivO3CPU,2,32,8,32kB,8,512kB,0.886964,69,735.2,True,0.474635,0.569363
DerivO3CPU,2,32,8,32kB,8,1MB,0.886964,70,1247.2,True,0.530311,0.588088
DerivO3CPU,2,32,8,32kB,8,2MB,0.886964,71,2271.2,False,0.599683,0.628508
DerivO3CPU,2,32,8,64kB,2,512kB,0.8871,72,765.6,True,0.47595,0.571612
DerivO3CPU,2,32,8,64kB,2,1MB,0.8871,73,1277.6,True,0.531821,0.589691
DerivO3CPU,2,32,8,64kB,2,2MB,0.8871,74,2301.6,False,0.599889,0.628533
DerivO3CPU,2,32,8,64kB,4,512kB,0.8871,75,767.2,True,0.475819,0.571794
DerivO3CPU,2,32,8,64kB,4,1MB,0.8871,76,1279.2,True,0.531705,0.58965
DerivO3CPU,2,32,8,64kB,4,2MB,0.8871,77,2303.2,False,0.599885,0.628533
DerivO3CPU,2,32,8,64kB,8,512kB,0.8871,78,770.4,True,0.475545,0.57131
DerivO3CPU,2,32,8,64kB,8,1MB,0.8871,79,1282.4,True,0.531661,0.589143
DerivO3CPU,2,32,8,64kB,8,2MB,0.8871,80,2306.4,False,0.599882,0.628533
DerivO3CPU,2,64,2,16kB,2,512kB,0.880377,81,734.4,True,0.475104,0.525437
DerivO3CPU,2,64,2,16kB,2,1MB,0.880377,82,1246.4,True,0.531659,0.571991
DerivO3CPU,2,64,2,16kB,2,2MB,0.880377,83,2270.4,False,0.602079,0.623587
DerivO3CPU,2,64,2,16kB,4,512kB,0.880377,84,734.8,True,0.475104,0.525162
DerivO3CPU,2,64,2,16kB,4,1MB,0.880377,85,1246.8,True,0.531699,0.57164
DerivO3CPU,2,64,2,16kB,4,2MB,0.880377,86,2270.8,False,0.602079,0.623587
DerivO3CPU,2,64,2,16kB,8,512kB,0.880377,87,735.6,True,0.47503,0.525145
DerivO3CPU,2,64,2,16kB,8,1MB,0.880377,88,1247.6,True,0.531699,0.57155
DerivO3CPU,2,64,2,16kB,8,2MB,0.880377,89,2271.6,False,0.602079,0.623587
DerivO3CPU,2,64,2,32kB,2,512kB,0.880377,90,750.8,True,0.475963,0.527406
DerivO3CPU,2,64,2,32kB,2,1MB,0.880377,91,1262.8,True,0.532449,0.574106
DerivO3CPU,2,64,2,32kB,2,2MB,0.880377,92,2286.8,False,0.602082,0.623587
DerivO3CPU,2,64,2,32kB,4,512kB,0.880377,93,751.6,True,0.47613,0.527109
DerivO3CPU,2,64,2,32kB,4,1MB,0.880377,94,1263.6,True,0.53258,0.573646
DerivO3CPU,2,64,2,32kB,4,2MB,0.880377,95,2287.6,False,0.602079,0.623587
DerivO3CPU,2,64,2,32kB,8,512kB,0.880377,96,753.2,True,0.475963,0.526347
DerivO3CPU,2,64,2,32kB,8,1MB,0.880377,97,1265.2,True,0.532374,0.573037
DerivO3CPU,2,64,2,32kB,8,2MB,0.880377,98,2289.2,False,0.602079,0.623587
DerivO3CPU,2,64,2,64kB,2,512kB,0.880482,99,783.6,True,0.477388,0.529982
DerivO3CPU,2,64,2,64kB,2,1MB,0.880482,100,1295.6,True,0.533799,0.576565
DerivO3CPU,2,64,2,64kB,2,2MB,0.880482,101,2319.6,False,0.602157,0.623587
DerivO3CPU,2,64,2,64kB,4,512kB,0.880482,102,785.2,True,0.477238,0.529518
DerivO3CPU,2,64,2,64kB,4,1MB,0.880482,103,1297.2,True,0.533584,0.575897
DerivO3CPU,2,64,2,64kB,4,2MB,0.880482,104,2321.2,False,0.602155,0.623587
DerivO3CPU,2,64,2,64kB,8,512kB,0.880482,105,788.4,True,0.477054,0.528469
DerivO3CPU,2,64,2,64kB,8,1MB,0.880482,106,1300.4,True,0.533597,0.574822
DerivO3CPU,2,64,2,64kB,8,2MB,0.880482,107,2324.4,False,0.602136,0.623651
DerivO3CPU,2,64,4,16kB,2,512kB,0.880453,108,744.4,True,0.475139,0.56164
DerivO3CPU,2,64,4,16kB,2,1MB,0.880453,109,1256.4,True,0.531717,0.589346
DerivO3CPU,2,64,4,16kB,2,2MB,0.880453,110,2280.4,False,0.60211,0.630736
DerivO3CPU,2,64,4,16kB,4,512kB,0.880501,111,744.8,True,0.475139,0.561557
DerivO3CPU,2,64,4,16kB,4,1MB,0.880501,112,1256.8,True,0.531758,0.589339
DerivO3CPU,2,64,4,16kB,4,2MB,0.880501,113,2280.8,False,0.60211,0.630736
DerivO3CPU,2,64,4,16kB,8,512kB,0.880501,114,745.6,True,0.475065,0.56154
DerivO3CPU,2,64,4,16kB,8,1MB,0.880501,115,1257.6,True,0.531758,0.589371
DerivO3CPU,2,64,4,16kB,8,2MB,0.880501,116,2281.6,False,0.60211,0.630735
DerivO3CPU,2,64,4,32kB,2,512kB,0.880501,117,760.8,True,0.476025,0.563473
DerivO3CPU,2,64,4,32kB,2,1MB,0.880501,118,1272.8,True,0.532485,0.590753
DerivO3CPU,2,64,4,32kB,2,2MB,0.880501,119,2296.8,False,0.602112,0.630736
DerivO3CPU,2,64,4,32kB,4,512kB,0.8805,120,761.6,True,0.476167,0.563128
DerivO3CPU,2,64,4,32kB,4,1MB,0.8805,121,1273.6,True,0.532645,0.590618
DerivO3CPU,2,64,4,32kB,4,2MB,0.8805,122,2297.6,False,0.60211,0.630709
DerivO3CPU,2,64,4,32kB,8,512kB,0.880501,123,763.2,True,0.476025,0.562935
DerivO3CPU,2,64,4,32kB,8,1MB,0.880501,124,1275.2,True,0.532439,0.590608
DerivO3CPU,2,64,4,32kB,8,2MB,0.880501,125,2299.2,False,0.60211,0.630734
DerivO3CPU,2,64,4,64kB,2,512kB,0.880558,126,793.6,True,0.477416,0.565257
DerivO3CPU,2,64,4,64kB,2,1MB,0.880558,127,1305.6,True,0.533858,0.592136
DerivO3CPU,2,64,4,64kB,2,2MB,0.880558,128,2329.6,False,0.602188,0.630736
DerivO3CPU,2,64,4,64kB,4,512kB,0.880558,129,795.2,True,0.47726,0.565116
DerivO3CPU,2,64,4,64kB,4,1MB,0.880558,130,1307.2,True,0.533643,0.591886
DerivO3CPU,2,64,4,64kB,4,2MB,0.880558,131,2331.2,False,0.602185,0.630736
DerivO3CPU,2,64,4,64kB,8,512kB,0.880558,132,798.4,True,0.477094,0.56451
DerivO3CPU,2,64,4,64kB,8,1MB,0.880558,133,1310.4,True,0.533656,0.591576
DerivO3CPU,2,64,4,64kB,8,2MB,0.880558,134,2334.4,False,0.602166,0.630758
DerivO3CPU,2,64,8,16kB,2,512kB,0.880453,135,764.4,True,0.475139,0.570093
DerivO3CPU,2,64,8,16kB,2,1MB,0.880453,136,1276.4,True,0.531717,0.589435
DerivO3CPU,2,64,8,16kB,2,2MB,0.880453,137,2300.4,False,0.60211,0.631168
DerivO3CPU,2,64,8,16kB,4,512kB,0.880501,138,764.8,True,0.475139,0.570331
DerivO3CPU,2,64,8,16kB,4,1MB,0.880501,139,1276.8,True,0.531758,0.589399
DerivO3CPU,2,64,8,16kB,4,2MB,0.880501,140,2300.8,False,0.60211,0.631168
DerivO3CPU,2,64,8,16kB,8,512kB,0.880501,141,765.6,True,0.475065,0.57019
DerivO3CPU,2,64,8,16kB,8,1MB,0.880501,142,1277.6,True,0.531758,0.58947
DerivO3CPU,2,64,8,16kB,8,2MB,0.880501,143,2301.6,False,0.60211,0.631168
DerivO3CPU,2,64,8,32kB,2,512kB,0.880501,144,780.8,True,0.476025,0.57159
DerivO3CPU,2,64,8,32kB,2,1MB,0.880501,145,1292.8,True,0.532485,0.590847
DerivO3CPU,2,64,8,32kB,2,2MB,0.880501,146,2316.8,False,0.602112,0.631168
DerivO3CPU,2,64,8,32kB,4,512kB,0.8805,147,781.6,True,0.476167,0.572816
DerivO3CPU,2,64,8,32kB,4,1MB,0.8805,148,1293.6,True,0.532645,0.590771
DerivO3CPU,2,64,8,32kB,4,2MB,0.8805,149,2317.6,False,0.60211,0.631168
DerivO3CPU,2,64,8,32kB,8,512kB,0.880501,150,783.2,True,0.476025,0.571991
DerivO3CPU,2,64,8,32kB,8,1MB,0.880501,151,1295.2,True,0.532439,0.590657
DerivO3CPU,2,64,8,32kB,8,2MB,0.880501,152,2319.2,False,0.60211,0.631168
DerivO3CPU,2,64,8,64kB,2,512kB,0.880558,153,813.6,True,0.477416,0.573542
DerivO3CPU,2,64,8,64kB,2,1MB,0.880558,154,1325.6,True,0.533858,0.592156
DerivO3CPU,2,64,8,64kB,2,2MB,0.880558,155,2349.6,False,0.602188,0.631168
DerivO3CPU,2,64,8,64kB,4,512kB,0.880558,156,815.2,True,0.47726,0.574678
DerivO3CPU,2,64,8,64kB,4,1MB,0.880558,157,1327.2,True,0.533643,0.592076
DerivO3CPU,2,64,8,64kB,4,2MB,0.880558,158,2351.2,False,0.602185,0.631168
DerivO3CPU,2,64,8,64kB,8,512kB,0.880558,159,818.4,True,0.477094,0.573557
DerivO3CPU,2,64,8,64kB,8,1MB,0.880558,160,1330.4,True,0.533656,0.591691
DerivO3CPU,2,64,8,64kB,8,2MB,0.880558,161,2354.4,False,0.602166,0.631168
DerivO3CPU,2,128,2,16kB,2,512kB,0.864732,162,830.4,True,0.477299,0.528048
DerivO3CPU,2,128,2,16kB,2,1MB,0.864732,163,1342.4,True,0.534106,0.57509
DerivO3CPU,2,128,2,16kB,2,2MB,0.864732,164,2366.4,False,0.60562,0.627299
DerivO3CPU,2,128,2,16kB,4,512kB,0.864736,165,830.8,True,0.477299,0.527908
DerivO3CPU,2,128,2,16kB,4,1MB,0.864736,166,1342.8,True,0.534053,0.574877
DerivO3CPU,2,128,2,16kB,4,2MB,0.864736,167,2366.8,False,0.60562,0.627297
DerivO3CPU,2,128,2,16kB,8,512kB,0.864736,168,831.6,True,0.477266,0.527728
DerivO3CPU,2,128,2,16kB,8,1MB,0.864736,169,1343.6,True,0.534074,0.574738
DerivO3CPU,2,128,2,16kB,8,2MB,0.864736,170,2367.6,False,0.60562,0.627299
DerivO3CPU,2,128,2,32kB,2,512kB,0.864736,171,846.8,True,0.47805,0.529298
DerivO3CPU,2,128,2,32kB,2,1MB,0.864736,172,1358.8,True,0.534754,0.577282
DerivO3CPU,2,128,2,32kB,2,2MB,0.864736,173,2382.8,False,0.605642,0.627299
DerivO3CPU,2,128,2,32kB,4,512kB,0.864736,174,847.6,True,0.4781,0.528945
DerivO3CPU,2,128,2,32kB,4,1MB,0.864736,175,1359.6,True,0.534867,0.576384
DerivO3CPU,2,128,2,32kB,4,2MB,0.864736,176,2383.6,False,0.605638,0.627325
DerivO3CPU,2,128,2,32kB,8,512kB,0.864736,177,849.2,True,0.477923,0.528284
DerivO3CPU,2,128,2,32kB,8,1MB,0.864736,178,1361.2,True,0.534643,0.576012
DerivO3CPU,2,128,2,32kB,8,2MB,0.864736,179,2385.2,False,0.605638,0.627309
DerivO3CPU,2,128,2,64kB,2,512kB,0.864853,180,879.6,True,0.479716,0.532892
DerivO3CPU,2,128,2,64kB,2,1MB,0.864853,181,1391.6,True,0.536518,0.579802
DerivO3CPU,2,128,2,64kB,2,2MB,0.864853,182,2415.6,False,0.605685,0.627299
DerivO3CPU,2,128,2,64kB,4,512kB,0.864856,183,881.2,True,0.479954,0.53234
DerivO3CPU,2,128,2,64kB,4,1MB,0.864856,184,1393.2,True,0.536368,0.578976
DerivO3CPU,2,128,2,64kB,4,2MB,0.864856,185,2417.2,False,0.605678,0.627371
DerivO3CPU,2,128,2,64kB,8,512kB,0.864856,186,884.4,True,0.479563,0.531405
DerivO3CPU,2,128,2,64kB,8,1MB,0.864856,187,1396.4,True,0.536302,0.577994
DerivO3CPU,2,128,2,64kB,8,2MB,0.864856,188,2420.4,False,0.60569,0.627355
DerivO3CPU,2,128,4,16kB,2,512kB,0.86513,189,840.4,True,0.477341,0.564946
DerivO3CPU,2,128,4,16kB,2,1MB,0.86513,190,1352.4,True,0.534277,0.592047
DerivO3CPU,2,128,4,16kB,2,2MB,0.86513,191,2376.4,False,0.605772,0.634504
DerivO3CPU,2,128,4,16kB,4,512kB,0.865136,192,840.8,True,0.477341,0.564823
DerivO3CPU,2,128,4,16kB,4,1MB,0.865136,193,1352.8,True,0.534284,0.592027
DerivO3CPU,2,128,4,16kB,4,2MB,0.865136,194,2376.8,False,0.605772,0.634537
DerivO3CPU,2,128,4,16kB,8,512kB,0.865136,195,841.6,True,0.477301,0.564775
DerivO3CPU,2,128,4,16kB,8,1MB,0.865136,196,1353.6,True,0.534324,0.591888
DerivO3CPU,2,128,4,16kB,8,2MB,0.865136,197,2377.6,False,0.605772,0.634537
DerivO3CPU,2,128,4,32kB,2,512kB,0.865136,198,856.8,True,0.478037,0.566043
DerivO3CPU,2,128,4,32kB,2,1MB,0.865136,199,1368.8,True,0.535422,0.592901
DerivO3CPU,2,128,4,32kB,2,2MB,0.865136,200,2392.8,False,0.605789,0.634504
DerivO3CPU,2,128,4,32kB,4,512kB,0.865136,201,857.6,True,0.478007,0.565761
DerivO3CPU,2,128,4,32kB,4,1MB,0.865136,202,1369.6,True,0.535244,0.592673
DerivO3CPU,2,128,4,32kB,4,2MB,0.865136,203,2393.6,False,0.605784,0.634504
DerivO3CPU,2,128,4,32kB,8,512kB,0.865136,204,859.2,True,0.477921,0.565605
DerivO3CPU,2,128,4,32kB,8,1MB,0.865136,205,1371.2,True,0.535164,0.592635
DerivO3CPU,2,128,4,32kB,8,2MB,0.865136,206,2395.2,False,0.605784,0.634504
DerivO3CPU,2,128,4,64kB,2,512kB,0.86525,207,889.6,True,0.479756,0.568491
DerivO3CPU,2,128,4,64kB,2,1MB,0.86525,208,1401.6,True,0.536576,0.594877
DerivO3CPU,2,128,4,64kB,2,2MB,0.86525,209,2425.6,False,0.605856,0.634635
DerivO3CPU,2,128,4,64kB,4,512kB,0.86526,210,891.2,True,0.479815,0.56809
DerivO3CPU,2,128,4,64kB,4,1MB,0.86526,211,1403.2,True,0.536424,0.594789
DerivO3CPU,2,128,4,64kB,4,2MB,0.86526,212,2427.2,False,0.605826,0.634632
DerivO3CPU,2,128,4,64kB,8,512kB,0.86526,213,894.4,True,0.479448,0.567649
DerivO3CPU,2,128,4,64kB,8,1MB,0.86526,214,1406.4,True,0.536356,0.594194
DerivO3CPU,2,128,4,64kB,8,2MB,0.86526,215,2430.4,False,0.605826,0.634637
DerivO3CPU,2,128,8,16kB,2,512kB,0.865152,216,860.4,True,0.477347,0.57464
DerivO3CPU,2,128,8,16kB,2,1MB,0.865152,217,1372.4,True,0.534283,0.592211
DerivO3CPU,2,128,8,16kB,2,2MB,0.865152,218,2396.4,False,0.605781,0.635089
DerivO3CPU,2,128,8,16kB,4,512kB,0.865156,219,860.8,True,0.477347,0.574779
DerivO3CPU,2,128,8,16kB,4,1MB,0.865156,220,1372.8,True,0.53429,0.591959
DerivO3CPU,2,128,8,16kB,4,2MB,0.865156,221,2396.8,False,0.605781,0.635085
DerivO3CPU,2,128,8,16kB,8,512kB,0.865156,222,861.6,True,0.477306,0.573907
DerivO3CPU,2,128,8,16kB,8,1MB,0.865156,223,1373.6,True,0.534331,0.592434
DerivO3CPU,2,128,8,16kB,8,2MB,0.865156,224,2397.6,False,0.605781,0.635083
DerivO3CPU,2,128,8,32kB,2,512kB,0.865156,225,876.8,True,0.478042,0.575017
DerivO3CPU,2,128,8,32kB,2,1MB,0.865156,226,1388.8,True,0.535428,0.593046
DerivO3CPU,2,128,8,32kB,2,2MB,0.865156,227,2412.8,False,0.605797,0.635099
DerivO3CPU,2,128,8,32kB,4,512kB,0.865156,228,877.6,True,0.478013,0.575228
DerivO3CPU,2,128,8,32kB,4,1MB,0.865156,229,1389.6,True,0.535259,0.592569
DerivO3CPU,2,128,8,32kB,4,2MB,0.865156,230,2413.6,False,0.605793,0.635097
DerivO3CPU,2,128,8,32kB,8,512kB,0.865156,231,879.2,True,0.477926,0.575109
DerivO3CPU,2,128,8,32kB,8,1MB,0.865156,232,1391.2,True,0.53518,0.592642
DerivO3CPU,2,128,8,32kB,8,2MB,0.865156,233,2415.2,False,0.605793,0.635089
DerivO3CPU,2,128,8,64kB,2,512kB,0.865277,234,909.6,True,0.479762,0.577168
DerivO3CPU,2,128,8,64kB,2,1MB,0.865277,235,1421.6,True,0.536583,0.595153
DerivO3CPU,2,128,8,64kB,2,2MB,0.865277,236,2445.6,False,0.605865,0.635235
DerivO3CPU,2,128,8,64kB,4,512kB,0.865275,237,911.2,True,0.47982,0.57708
DerivO3CPU,2,128,8,64kB,4,1MB,0.865275,238,1423.2,True,0.536431,0.594849
DerivO3CPU,2,128,8,64kB,4,2MB,0.865275,239,2447.2,False,0.605834,0.635235
DerivO3CPU,2,128,8,64kB,8,512kB,0.865275,240,914.4,True,0.479453,0.577637
DerivO3CPU,2,128,8,64kB,8,1MB,0.865275,241,1426.4,True,0.536363,0.594486
DerivO3CPU,2,128,8,64kB,8,2MB,0.865275,242,2450.4,False,0.605834,0.635227
DerivO3CPU,4,32,2,16kB,2,512kB,1.042244,243,786.4,True,0.47808,0.529489
DerivO3CPU,4,32,2,16kB,2,1MB,1.042244,244,1298.4,True,0.535068,0.576542
DerivO3CPU,4,32,2,16kB,2,2MB,1.042244,245,2322.4,False,0.607136,0.628709
DerivO3CPU,4,32,2,16kB,4,512kB,1.042424,246,786.8,True,0.478019,0.529059
DerivO3CPU,4,32,2,16kB,4,1MB,1.042424,247,1298.8,True,0.535142,0.575987
DerivO3CPU,4,32,2,16kB,4,2MB,1.042424,248,2322.8,False,0.607136,0.628819
DerivO3CPU,4,32,2,16kB,8,512kB,1.042424,249,787.6,True,0.478018,0.528935
DerivO3CPU,4,32,2,16kB,8,1MB,1.042424,250,1299.6,True,0.535213,0.575927
DerivO3CPU,4,32,2,16kB,8,2MB,1.042424,251,2323.6,False,0.607136,0.628819
DerivO3CPU,4,32,2,32kB,2,512kB,1.042424,252,802.8,True,0.478413,0.531324
DerivO3CPU,4,32,2,32kB,2,1MB,1.042424,253,1314.8,True,0.536156,0.577974
DerivO3CPU,4,32,2,32kB,2,2MB,1.042424,254,2338.8,False,0.607152,0.628819
DerivO3CPU,4,32,2,32kB,4,512kB,1.042424,255,803.6,True,0.478501,0.530932
DerivO3CPU,4,32,2,32kB,4,1MB,1.042424,256,1315.6,True,0.536243,0.577527
DerivO3CPU,4,32,2,32kB,4,2MB,1.042424,257,2339.6,False,0.607148,0.628819
DerivO3CPU,4,32,2,32kB,8,512kB,1.042424,258,805.2,True,0.478386,0.53041
DerivO3CPU,4,32,2,32kB,8,1MB,1.042424,259,1317.2,True,0.536204,0.57709
DerivO3CPU,4,32,2,32kB,8,2MB,1.042424,260,2341.2,False,0.607148,0.628819
DerivO3CPU,4,32,2,64kB,2,512kB,1.042511,261,835.6,True,0.480969,0.534177
DerivO3CPU,4,32,2,64kB,2,1MB,1.042511,262,1347.6,True,0.537936,0.581188
DerivO3CPU,4,32,2,64kB,2,2MB,1.042511,263,2371.6,False,0.607313,0.628819
DerivO3CPU,4,32,2,64kB,4,512kB,1.042573,264,837.2,True,0.480776,0.533827
DerivO3CPU,4,32,2,64kB,4,1MB,1.042573,265,1349.2,True,0.537859,0.580519
DerivO3CPU,4,32,2,64kB,4,2MB,1.042573,266,2373.2,False,0.607306,0.628819
DerivO3CPU,4,32,2,64kB,8,512kB,1.042573,267,840.4,True,0.480445,0.53284
DerivO3CPU,4,32,2,64kB,8,1MB,1.042573,268,1352.4,True,0.537565,0.579716
DerivO3CPU,4,32,2,64kB,8,2MB,1.042573,269,2376.4,False,0.607303,0.628819
DerivO3CPU,4,32,4,16kB,2,512kB,1.042424,270,796.4,True,0.478106,0.565995
DerivO3CPU,4,32,4,16kB,2,1MB,1.042424,271,1308.4,True,0.535213,0.594094
DerivO3CPU,4,32,4,16kB,2,2MB,1.042424,272,2332.4,False,0.607137,0.636158
DerivO3CPU,4,32,4,16kB,4,512kB,1.042424,273,796.8,True,0.478044,0.565888
DerivO3CPU,4,32,4,16kB,4,1MB,1.042424,274,1308.8,True,0.535179,0.594086
DerivO3CPU,4,32,4,16kB,4,2MB,1.042424,275,2332.8,False,0.607137,0.636158
DerivO3CPU,4,32,4,16kB,8,512kB,1.042424,276,797.6,True,0.478044,0.565818
DerivO3CPU,4,32,4,16kB,8,1MB,1.042424,277,1309.6,True,0.535244,0.593825
DerivO3CPU,4,32,4,16kB,8,2MB,1.042424,278,2333.6,False,0.607137,0.636158
DerivO3CPU,4,32,4,32kB,2,512kB,1.042424,279,812.8,True,0.478437,0.567599
DerivO3CPU,4,32,4,32kB,2,1MB,1.042424,280,1324.8,True,0.536187,0.595083
DerivO3CPU,4,32,4,32kB,2,2MB,1.042424,281,2348.8,False,0.607154,0.636158
DerivO3CPU,4,32,4,32kB,4,512kB,1.042424,282,813.6,True,0.478526,0.567478
DerivO3CPU,4,32,4,32kB,4,1MB,1.042424,283,1325.6,True,0.536272,0.594802
DerivO3CPU,4,32,4,32kB,4,2MB,1.042424,284,2349.6,False,0.607149,0.636158
DerivO3CPU,4,32,4,32kB,8,512kB,1.042424,285,815.2,True,0.47841,0.567177
DerivO3CPU,4,32,4,32kB,8,1MB,1.042424,286,1327.2,True,0.536235,0.594894
DerivO3CPU,4,32,4,32kB,8,2MB,1.042424,287,2351.2,False,0.607149,0.636158
DerivO3CPU,4,32,4,64kB,2,512kB,1.042511,288,845.6,True,0.480997,0.570277
DerivO3CPU,4,32,4,64kB,2,1MB,1.042511,289,1357.6,True,0.537968,0.597389
DerivO3CPU,4,32,4,64kB,2,2MB,1.042511,290,2381.6,False,0.607314,0.636158
DerivO3CPU,4,32,4,64kB,4,512kB,1.042573,291,847.2,True,0.480804,0.570083
DerivO3CPU,4,32,4,64kB,4,1MB,1.042573,292,1359.2,True,0.537891,0.596941
DerivO3CPU,4,32,4,64kB,4,2MB,1.042573,293,2383.2,False,0.607307,0.636156
DerivO3CPU,4,32,4,64kB,8,512kB,1.042573,294,850.4,True,0.480458,0.569459
DerivO3CPU,4,32,4,64kB,8,1MB,1.042573,295,1362.4,True,0.537597,0.596724
DerivO3CPU,4,32,4,64kB,8,2MB,1.042573,296,2386.4,False,0.607305,0.636158
DerivO3CPU,4,32,8,16kB,2,512kB,1.042424,297,816.4,True,0.478106,0.57478
DerivO3CPU,4,32,8,16kB,2,1MB,1.042424,298,1328.4,True,0.535213,0.593996
DerivO3CPU,4,32,8,16kB,2,2MB,1.042424,299,2352.4,False,0.607137,0.636489
DerivO3CPU,4,32,8,16kB,4,512kB,1.042424,300,816.8,True,0.478044,0.574207
DerivO3CPU,4,32,8,16kB,4,1MB,1.042424,301,1328.8,True,0.535179,0.594037
DerivO3CPU,4,32,8,16kB,4,2MB,1.042424,302,2352.8,False,0.607137,0.636487
DerivO3CPU,4,32,8,16kB,8,512kB,1.042424,303,817.6,True,0.478044,0.574773
DerivO3CPU,4,32,8,16kB,8,1MB,1.042424,304,1329.6,True,0.535244,0.593978
DerivO3CPU,4,32,8,16kB,8,2MB,1.042424,305,2353.6,False,0.607137,0.636484
DerivO3CPU,4,32,8,32kB,2,512kB,1.042424,306,832.8,True,0.478437,0.57654
DerivO3CPU,4,32,8,32kB,2,1MB,1.042424,307,1344.8,True,0.536187,0.595143
DerivO3CPU,4,32,8,32kB,2,2MB,1.042424,308,2368.8,False,0.607154,0.63649
DerivO3CPU,4,32,8,32kB,4,512kB,1.042424,309,833.6,True,0.478526,0.576641
DerivO3CPU,4,32,8,32kB,4,1MB,1.042424,310,1345.6,True,0.536272,0.595013
DerivO3CPU,4,32,8,32kB,4,2MB,1.042424,311,2369.6,False,0.607149,0.63649
DerivO3CPU,4,32,8,32kB,8,512kB,1.042424,312,835.2,True,0.47841,0.57673
DerivO3CPU,4,32,8,32kB,8,1MB,1.042424,313,1347.2,True,0.536235,0.594804
DerivO3CPU,4,32,8,32kB,8,2MB,1.042424,314,2371.2,False,0.607149,0.63649
DerivO3CPU,4,32,8,64kB,2,512kB,1.042511,315,865.6,True,0.480997,0.580486
DerivO3CPU,4,32,8,64kB,2,1MB,1.042511,316,1377.6,True,0.537968,0.597248
DerivO3CPU,4,32,8,64kB,2,2MB,1.042511,317,2401.6,False,0.607314,0.636511
DerivO3CPU,4,32,8,64kB,4,512kB,1.042573,318,867.2,True,0.480804,0.578795
DerivO3CPU,4,32,8,64kB,4,1MB,1.042573,319,1379.2,True,0.537891,0.59716
DerivO3CPU,4,32,8,64kB,4,2MB,1.042573,320,2403.2,False,0.607307,0.636511
DerivO3CPU,4,32,8,64kB,8,512kB,1.042573,321,870.4,True,0.480458,0.578728
DerivO3CPU,4,32,8,64kB,8,1MB,1.042573,322,1382.4,True,0.537597,0.596722
DerivO3CPU,4,32,8,64kB,8,2MB,1.042573,323,2406.4,False,0.607305,0.636511
DerivO3CPU,4,64,2,16kB,2,512kB,1.0518,324,834.4,True,0.479898,0.531322
DerivO3CPU,4,64,2,16kB,2,1MB,1.0518,325,1346.4,True,0.537653,0.57857
DerivO3CPU,4,64,2,16kB,2,2MB,1.0518,326,2370.4,False,0.609916,0.631605
DerivO3CPU,4,64,2,16kB,4,512kB,1.051877,327,834.8,True,0.479812,0.531057
DerivO3CPU,4,64,2,16kB,4,1MB,1.051877,328,1346.8,True,0.537745,0.578329
DerivO3CPU,4,64,2,16kB,4,2MB,1.051877,329,2370.8,False,0.609916,0.631605
DerivO3CPU,4,64,2,16kB,8,512kB,1.052753,330,835.6,True,0.480083,0.531298
DerivO3CPU,4,64,2,16kB,8,1MB,1.052753,331,1347.6,True,0.537507,0.578732
DerivO3CPU,4,64,2,16kB,8,2MB,1.052753,332,2371.6,False,0.609958,0.631718
DerivO3CPU,4,64,2,32kB,2,512kB,1.052753,333,850.8,True,0.480841,0.533468
DerivO3CPU,4,64,2,32kB,2,1MB,1.052753,334,1362.8,True,0.538247,0.580605
DerivO3CPU,4,64,2,32kB,2,2MB,1.052753,335,2386.8,False,0.609974,0.631718
DerivO3CPU,4,64,2,32kB,4,512kB,1.052752,336,851.6,True,0.481078,0.53303
DerivO3CPU,4,64,2,32kB,4,1MB,1.052752,337,1363.6,True,0.538228,0.580324
DerivO3CPU,4,64,2,32kB,4,2MB,1.052752,338,2387.6,False,0.60997,0.631718
DerivO3CPU,4,64,2,32kB,8,512kB,1.052753,339,853.2,True,0.480989,0.532363
DerivO3CPU,4,64,2,32kB,8,1MB,1.052753,340,1365.2,True,0.538075,0.57977
DerivO3CPU,4,64,2,32kB,8,2MB,1.052753,341,2389.2,False,0.60997,0.631718
DerivO3CPU,4,64,2,64kB,2,512kB,1.05288,342,883.6,True,0.48293,0.535724
DerivO3CPU,4,64,2,64kB,2,1MB,1.05288,343,1395.6,True,0.540022,0.5834
DerivO3CPU,4,64,2,64kB,2,2MB,1.05288,344,2419.6,False,0.61003,0.631718
DerivO3CPU,4,64,2,64kB,4,512kB,1.052887,345,885.2,True,0.482919,0.535614
DerivO3CPU,4,64,2,64kB,4,1MB,1.052887,346,1397.2,True,0.539997,0.58286
DerivO3CPU,4,64,2,64kB,4,2MB,1.052887,347,2421.2,False,0.610024,0.631718
DerivO3CPU,4,64,2,64kB,8,512kB,1.052887,348,888.4,True,0.482518,0.534593
DerivO3CPU,4,64,2,64kB,8,1MB,1.052887,349,1400.4,True,0.539878,0.581753
DerivO3CPU,4,64,2,64kB,8,2MB,1.052887,350,2424.4,False,0.610022,0.631718
DerivO3CPU,4,64,4,16kB,2,512kB,1.052857,351,844.4,True,0.48017,0.568665
DerivO3CPU,4,64,4,16kB,2,1MB,1.052857,352,1356.4,True,0.537523,0.597156
DerivO3CPU,4,64,4,16kB,2,2MB,1.052857,353,2380.4,False,0.609975,0.639025
DerivO3CPU,4,64,4,16kB,4,512kB,1.052866,354,844.8,True,0.48017,0.568638
DerivO3CPU,4,64,4,16kB,4,1MB,1.052866,355,1356.8,True,0.53734,0.597051
DerivO3CPU,4,64,4,16kB,4,2MB,1.052866,356,2380.8,False,0.609975,0.639024
DerivO3CPU,4,64,4,16kB,8,512kB,1.052866,357,845.6,True,0.480113,0.56858
DerivO3CPU,4,64,4,16kB,8,1MB,1.052866,358,1357.6,True,0.537558,0.597091
DerivO3CPU,4,64,4,16kB,8,2MB,1.052866,359,2381.6,False,0.609975,0.639026
DerivO3CPU,4,64,4,32kB,2,512kB,1.052866,360,860.8,True,0.480868,0.570182
DerivO3CPU,4,64,4,32kB,2,1MB,1.052866,361,1372.8,True,0.538295,0.598036
DerivO3CPU,4,64,4,32kB,2,2MB,1.052866,362,2396.8,False,0.609992,0.639025
DerivO3CPU,4,64,4,32kB,4,512kB,1.052865,363,861.6,True,0.481108,0.569815
DerivO3CPU,4,64,4,32kB,4,1MB,1.052865,364,1373.6,True,0.538276,0.59774
DerivO3CPU,4,64,4,32kB,4,2MB,1.052865,365,2397.6,False,0.609987,0.639029
DerivO3CPU,4,64,4,32kB,8,512kB,1.052866,366,863.2,True,0.48102,0.569649
DerivO3CPU,4,64,4,32kB,8,1MB,1.052866,367,1375.2,True,0.538111,0.597686
DerivO3CPU,4,64,4,32kB,8,2MB,1.052866,368,2399.2,False,0.609987,0.639026
DerivO3CPU,4,64,4,64kB,2,512kB,1.052992,369,893.6,True,0.482959,0.572317
DerivO3CPU,4,64,4,64kB,2,1MB,1.052992,370,1405.6,True,0.540073,0.59979
DerivO3CPU,4,64,4,64kB,2,2MB,1.052992,371,2429.6,False,0.610047,0.639025
DerivO3CPU,4,64,4,64kB,4,512kB,1.053,372,895.2,True,0.482948,0.571901
DerivO3CPU,4,64,4,64kB,4,1MB,1.053,373,1407.2,True,0.540048,0.599363
DerivO3CPU,4,64,4,64kB,4,2MB,1.053,374,2431.2,False,0.610041,0.639043
DerivO3CPU,4,64,4,64kB,8,512kB,1.053,375,898.4,True,0.482619,0.571417
DerivO3CPU,4,64,4,64kB,8,1MB,1.053,376,1410.4,True,0.539929,0.598975
DerivO3CPU,4,64,4,64kB,8,2MB,1.053,377,2434.4,False,0.610039,0.639029
DerivO3CPU,4,64,8,16kB,2,512kB,1.052857,378,864.4,True,0.480172,0.577794
DerivO3CPU,4,64,8,16kB,2,1MB,1.052857,379,1376.4,True,0.537523,0.597209
DerivO3CPU,4,64,8,16kB,2,2MB,1.052857,380,2400.4,False,0.609975,0.639501
DerivO3CPU,4,64,8,16kB,4,512kB,1.052866,381,864.8,True,0.480172,0.577922
DerivO3CPU,4,64,8,16kB,4,1MB,1.052866,382,1376.8,True,0.53734,0.597051
DerivO3CPU,4,64,8,16kB,4,2MB,1.052866,383,2400.8,False,0.609975,0.639501
DerivO3CPU,4,64,8,16kB,8,512kB,1.052866,384,865.6,True,0.480113,0.578236
DerivO3CPU,4,64,8,16kB,8,1MB,1.052866,385,1377.6,True,0.537558,0.597141
DerivO3CPU,4,64,8,16kB,8,2MB,1.052866,386,2401.6,False,0.609975,0.639501
DerivO3CPU,4,64,8,32kB,2,512kB,1.052866,387,880.8,True,0.480868,0.579679
DerivO3CPU,4,64,8,32kB,2,1MB,1.052866,388,1392.8,True,0.538295,0.597881
DerivO3CPU,4,64,8,32kB,2,2MB,1.052866,389,2416.8,False,0.609992,0.639501
DerivO3CPU,4,64,8,32kB,4,512kB,1.052865,390,881.6,True,0.481108,0.578998
DerivO3CPU,4,64,8,32kB,4,1MB,1.052865,391,1393.6,True,0.538276,0.597783
DerivO3CPU,4,64,8,32kB,4,2MB,1.052865,392,2417.6,False,0.609987,0.639501
DerivO3CPU,4,64,8,32kB,8,512kB,1.052866,393,883.2,True,0.48102,0.579583
DerivO3CPU,4,64,8,32kB,8,1MB,1.052866,394,1395.2,True,0.538111,0.597589
DerivO3CPU,4,64,8,32kB,8,2MB,1.052866,395,2419.2,False,0.609987,0.639501
DerivO3CPU,4,64,8,64kB,2,512kB,1.052992,396,913.6,True,0.482959,0.580258
DerivO3CPU,4,64,8,64kB,2,1MB,1.052992,397,1425.6,True,0.540073,0.59974
DerivO3CPU,4,64,8,64kB,2,2MB,1.052992,398,2449.6,False,0.610047,0.639501
DerivO3CPU,4,64,8,64kB,4,512kB,1.053,399,915.2,True,0.482948,0.580248
DerivO3CPU,4,64,8,64kB,4,1MB,1.053,400,1427.2,True,0.540048,0.599562
DerivO3CPU,4,64,8,64kB,4,2MB,1.053,401,2451.2,False,0.610041,0.639529
DerivO3CPU,4,64,8,64kB,8,512kB,1.053,402,918.4,True,0.482619,0.581776
DerivO3CPU,4,64,8,64kB,8,1MB,1.053,403,1430.4,True,0.539929,0.59912
DerivO3CPU,4,64,8,64kB,8,2MB,1.053,404,2454.4,False,0.610039,0.639501
DerivO3CPU,4,128,2,16kB,2,512kB,1.060022,405,930.4,True,0.48157,0.533221
DerivO3CPU,4,128,2,16kB,2,1MB,1.060022,406,1442.4,True,0.53938,0.580798
DerivO3CPU,4,128,2,16kB,2,2MB,1.060022,407,2466.4,False,0.612311,0.63404
DerivO3CPU,4,128,2,16kB,4,512kB,1.060354,408,930.8,True,0.481561,0.532935
DerivO3CPU,4,128,2,16kB,4,1MB,1.060354,409,1442.8,True,0.53963,0.580863
DerivO3CPU,4,128,2,16kB,4,2MB,1.060354,410,2466.8,False,0.612443,0.63421
DerivO3CPU,4,128,2,16kB,8,512kB,1.060353,411,931.6,True,0.481428,0.532863
DerivO3CPU,4,128,2,16kB,8,1MB,1.060353,412,1443.6,True,0.539717,0.580675
DerivO3CPU,4,128,2,16kB,8,2MB,1.060353,413,2467.6,False,0.612443,0.63421
DerivO3CPU,4,128,2,32kB,2,512kB,1.060353,414,946.8,True,0.482341,0.535008
DerivO3CPU,4,128,2,32kB,2,1MB,1.060353,415,1458.8,True,0.540131,0.582598
DerivO3CPU,4,128,2,32kB,2,2MB,1.060353,416,2482.8,False,0.612459,0.63421
DerivO3CPU,4,128,2,32kB,4,512kB,1.060352,417,947.6,True,0.482279,0.534647
DerivO3CPU,4,128,2,32kB,4,1MB,1.060352,418,1459.6,True,0.540204,0.582126
DerivO3CPU,4,128,2,32kB,4,2MB,1.060352,419,2483.6,False,0.612455,0.63421
DerivO3CPU,4,128,2,32kB,8,512kB,1.060353,420,949.2,True,0.482226,0.533952
DerivO3CPU,4,128,2,32kB,8,1MB,1.060353,421,1461.2,True,0.540036,0.581535
DerivO3CPU,4,128,2,32kB,8,2MB,1.060353,422,2485.2,False,0.612455,0.63421
DerivO3CPU,4,128,2,64kB,2,512kB,1.060455,423,979.6,True,0.483898,0.537913
DerivO3CPU,4,128,2,64kB,2,1MB,1.060455,424,1491.6,True,0.542195,0.585452
DerivO3CPU,4,128,2,64kB,2,2MB,1.060455,425,2515.6,False,0.612516,0.63421
DerivO3CPU,4,128,2,64kB,4,512kB,1.060455,426,981.2,True,0.483784,0.537453
DerivO3CPU,4,128,2,64kB,4,1MB,1.060455,427,1493.2,True,0.541996,0.585056
DerivO3CPU,4,128,2,64kB,4,2MB,1.060455,428,2517.2,False,0.612509,0.63421
DerivO3CPU,4,128,2,64kB,8,512kB,1.060455,429,984.4,True,0.48347,0.5366
DerivO3CPU,4,128,2,64kB,8,1MB,1.060455,430,1496.4,True,0.541766,0.583671
DerivO3CPU,4,128,2,64kB,8,2MB,1.060455,431,2520.4,False,0.612507,0.63421
DerivO3CPU,4,128,4,16kB,2,512kB,1.060901,432,940.4,True,0.481461,0.570785
DerivO3CPU,4,128,4,16kB,2,1MB,1.060901,433,1452.4,True,0.539211,0.598623
DerivO3CPU,4,128,4,16kB,2,2MB,1.060901,434,2476.4,False,0.612541,0.641838
DerivO3CPU,4,128,4,16kB,4,512kB,1.060909,435,940.8,True,0.481409,0.570696
DerivO3CPU,4,128,4,16kB,4,1MB,1.060909,436,1452.8,True,0.53938,0.598616
DerivO3CPU,4,128,4,16kB,4,2MB,1.060909,437,2476.8,False,0.612541,0.641837
DerivO3CPU,4,128,4,16kB,8,512kB,1.060904,438,941.6,True,0.481377,0.570668
DerivO3CPU,4,128,4,16kB,8,1MB,1.060904,439,1453.6,True,0.539347,0.598654
DerivO3CPU,4,128,4,16kB,8,2MB,1.060904,440,2477.6,False,0.612541,0.641837
DerivO3CPU,4,128,4,32kB,2,512kB,1.060904,441,956.8,True,0.482686,0.571963
DerivO3CPU,4,128,4,32kB,2,1MB,1.060904,442,1468.8,True,0.540292,0.599341
DerivO3CPU,4,128,4,32kB,2,2MB,1.060904,443,2492.8,False,0.612558,0.641838
DerivO3CPU,4,128,4,32kB,4,512kB,1.060903,444,957.6,True,0.482722,0.571662
DerivO3CPU,4,128,4,32kB,4,1MB,1.060903,445,1469.6,True,0.540267,0.599237
DerivO3CPU,4,128,4,32kB,4,2MB,1.060903,446,2493.6,False,0.612553,0.64183
DerivO3CPU,4,128,4,32kB,8,512kB,1.060904,447,959.2,True,0.482518,0.571496
DerivO3CPU,4,128,4,32kB,8,1MB,1.060904,448,1471.2,True,0.540201,0.599106
DerivO3CPU,4,128,4,32kB,8,2MB,1.060904,449,2495.2,False,0.612553,0.641816
DerivO3CPU,4,128,4,64kB,2,512kB,1.061016,450,989.6,True,0.484424,0.57416
DerivO3CPU,4,128,4,64kB,2,1MB,1.061016,451,1501.6,False,0.542386,0.601523
DerivO3CPU,4,128,4,64kB,2,2MB,1.061016,452,2525.6,False,0.612615,0.641838
DerivO3CPU,4,128,4,64kB,4,512kB,1.061016,453,991.2,True,0.484557,0.573898
DerivO3CPU,4,128,4,64kB,4,1MB,1.061016,454,1503.2,False,0.54244,0.60126
DerivO3CPU,4,128,4,64kB,4,2MB,1.061016,455,2527.2,False,0.612608,0.641817
DerivO3CPU,4,128,4,64kB,8,512kB,1.061016,456,994.4,True,0.484252,0.57331
DerivO3CPU,4,128,4,64kB,8,1MB,1.061016,457,1506.4,False,0.542148,0.600992
DerivO3CPU,4,128,4,64kB,8,2MB,1.061016,458,2530.4,False,0.612606,0.641827
DerivO3CPU,4,128,8,16kB,2,512kB,1.060918,459,960.4,True,0.481469,0.579543
DerivO3CPU,4,128,8,16kB,2,1MB,1.060918,460,1472.4,True,0.539216,0.59889
DerivO3CPU,4,128,8,16kB,2,2MB,1.060918,461,2496.4,False,0.612554,0.642186
DerivO3CPU,4,128,8,16kB,4,512kB,1.060918,462,960.8,True,0.481416,0.579224
DerivO3CPU,4,128,8,16kB,4,1MB,1.060918,463,1472.8,True,0.53938,0.598909
DerivO3CPU,4,128,8,16kB,4,2MB,1.060918,464,2496.8,False,0.612554,0.642184
DerivO3CPU,4,128,8,16kB,8,512kB,1.060918,465,961.6,True,0.481384,0.578885
DerivO3CPU,4,128,8,16kB,8,1MB,1.060918,466,1473.6,True,0.539362,0.598666
DerivO3CPU,4,128,8,16kB,8,2MB,1.060918,467,2497.6,False,0.612554,0.642183
DerivO3CPU,4,128,8,32kB,2,512kB,1.060918,468,976.8,True,0.482694,0.581328
DerivO3CPU,4,128,8,32kB,2,1MB,1.060918,469,1488.8,True,0.540301,0.599535
DerivO3CPU,4,128,8,32kB,2,2MB,1.060918,470,2512.8,False,0.61257,0.642186
DerivO3CPU,4,128,8,32kB,4,512kB,1.060918,471,977.6,True,0.48273,0.581119
DerivO3CPU,4,128,8,32kB,4,1MB,1.060918,472,1489.6,True,0.540277,0.599388
DerivO3CPU,4,128,8,32kB,4,2MB,1.060918,473,2513.6,False,0.612566,0.642186
DerivO3CPU,4,128,8,32kB,8,512kB,1.060918,474,979.2,True,0.482599,0.58015
DerivO3CPU,4,128,8,32kB,8,1MB,1.060918,475,1491.2,True,0.54021,0.599279
DerivO3CPU,4,128,8,32kB,8,2MB,1.060918,476,2515.2,False,0.612566,0.642186
DerivO3CPU,4,128,8,64kB,2,512kB,1.061093,477,1009.6,True,0.484431,0.583293
DerivO3CPU,4,128,8,64kB,2,1MB,1.061093,478,1521.6,False,0.542396,0.601576
DerivO3CPU,4,128,8,64kB,2,2MB,1.061093,479,2545.6,False,0.612627,0.642203
DerivO3CPU,4,128,8,64kB,4,512kB,1.061095,480,1011.2,True,0.484565,0.582329
DerivO3CPU,4,128,8,64kB,4,1MB,1.061095,481,1523.2,False,0.54245,0.601413
DerivO3CPU,4,128,8,64kB,4,2MB,1.061095,482,2547.2,False,0.61262,0.642203
DerivO3CPU,4,128,8,64kB,8,512kB,1.061095,483,1014.4,True,0.48426,0.583541
DerivO3CPU,4,128,8,64kB,8,1MB,1.061095,484,1526.4,False,0.542158,0.600875
DerivO3CPU,4,128,8,64kB,8,2MB,1.061095,485,2550.4,False,0.612618,0.642199
DerivO3CPU,8,32,2,16kB,2,512kB,1.048043,486,986.4,True,0.479716,0.530682
DerivO3CPU,8,32,2,16kB,2,1MB,1.048043,487,1498.4,True,0.536717,0.578019
DerivO3CPU,8,32,2,16kB,2,2MB,1.048043,488,2522.4,False,0.608623,0.630582
DerivO3CPU,8,32,2,16kB,4,512kB,1.048445,489,986.8,True,0.479068,0.531034
DerivO3CPU,8,32,2,16kB,4,1MB,1.048445,490,1498.8,True,0.536633,0.577899
DerivO3CPU,8,32,2,16kB,4,2MB,1.048445,491,2522.8,False,0.608772,0.630653
DerivO3CPU,8,32,2,16kB,8,512kB,1.048445,492,987.6,True,0.479068,0.530947
DerivO3CPU,8,32,2,16kB,8,1MB,1.048445,493,1499.6,True,0.536578,0.577774
DerivO3CPU,8,32,2,16kB,8,2MB,1.048445,494,2523.6,False,0.608772,0.63065
DerivO3CPU,8,32,2,32kB,2,512kB,1.048445,495,1002.8,True,0.48043,0.53185
DerivO3CPU,8,32,2,32kB,2,1MB,1.048445,496,1514.8,False,0.537531,0.579417
DerivO3CPU,8,32,2,32kB,2,2MB,1.048445,497,2538.8,False,0.608791,0.630653
DerivO3CPU,8,32,2,32kB,4,512kB,1.048444,498,1003.6,True,0.480461,0.53139
DerivO3CPU,8,32,2,32kB,4,1MB,1.048444,499,1515.6,False,0.53766,0.578705
DerivO3CPU,8,32,2,32kB,4,2MB,1.048444,500,2539.6,False,0.608791,0.630653
DerivO3CPU,8,32,2,32kB,8,512kB,1.048445,501,1005.2,True,0.480505,0.530947
DerivO3CPU,8,32,2,32kB,8,1MB,1.048445,502,1517.2,False,0.537545,0.578441
DerivO3CPU,8,32,2,32kB,8,2MB,1.048445,503,2541.2,False,0.608791,0.630653
DerivO3CPU,8,32,2,64kB,2,512kB,1.048542,504,1035.6,True,0.481948,0.535203
DerivO3CPU,8,32,2,64kB,2,1MB,1.048542,505,1547.6,False,0.538984,0.582487
DerivO3CPU,8,32,2,64kB,2,2MB,1.048542,506,2571.6,False,0.608966,0.63071
DerivO3CPU,8,32,2,64kB,4,512kB,1.048542,507,1037.2,True,0.481939,0.534668
DerivO3CPU,8,32,2,64kB,4,1MB,1.048542,508,1549.2,False,0.538906,0.581731
DerivO3CPU,8,32,2,64kB,4,2MB,1.048542,509,2573.2,False,0.608959,0.63071
DerivO3CPU,8,32,2,64kB,8,512kB,1.048542,510,1040.4,True,0.481546,0.533625
DerivO3CPU,8,32,2,64kB,8,1MB,1.048542,511,1552.4,False,0.538614,0.580688
DerivO3CPU,8,32,2,64kB,8,2MB,1.048542,512,2576.4,False,0.608957,0.63071
DerivO3CPU,8,32,4,16kB,2,512kB,1.048105,513,996.4,True,0.479989,0.567524
DerivO3CPU,8,32,4,16kB,2,1MB,1.048105,514,1508.4,False,0.536594,0.595562
DerivO3CPU,8,32,4,16kB,2,2MB,1.048105,515,2532.4,False,0.608772,0.63786
DerivO3CPU,8,32,4,16kB,4,512kB,1.048703,516,996.8,True,0.479758,0.567295
DerivO3CPU,8,32,4,16kB,4,1MB,1.048703,517,1508.8,False,0.536666,0.595694
DerivO3CPU,8,32,4,16kB,4,2MB,1.048703,518,2532.8,False,0.60902,0.638089
DerivO3CPU,8,32,4,16kB,8,512kB,1.048773,519,997.6,True,0.479195,0.567266
DerivO3CPU,8,32,4,16kB,8,1MB,1.048773,520,1509.6,False,0.536718,0.595974
DerivO3CPU,8,32,4,16kB,8,2MB,1.048773,521,2533.6,False,0.60902,0.638092
DerivO3CPU,8,32,4,32kB,2,512kB,1.048773,522,1012.8,True,0.480461,0.569043
DerivO3CPU,8,32,4,32kB,2,1MB,1.048773,523,1524.8,False,0.537692,0.59706
DerivO3CPU,8,32,4,32kB,2,2MB,1.048773,524,2548.8,False,0.609037,0.638091
DerivO3CPU,8,32,4,32kB,4,512kB,1.048773,525,1013.6,True,0.480479,0.568834
DerivO3CPU,8,32,4,32kB,4,1MB,1.048773,526,1525.6,False,0.537692,0.596842
DerivO3CPU,8,32,4,32kB,4,2MB,1.048773,527,2549.6,False,0.609032,0.638082
DerivO3CPU,8,32,4,32kB,8,512kB,1.048773,528,1015.2,True,0.480523,0.568637
DerivO3CPU,8,32,4,32kB,8,1MB,1.048773,529,1527.2,False,0.537649,0.596854
DerivO3CPU,8,32,4,32kB,8,2MB,1.048773,530,2551.2,False,0.609032,0.638092
DerivO3CPU,8,32,4,64kB,2,512kB,1.048975,531,1045.6,True,0.481885,0.571297
DerivO3CPU,8,32,4,64kB,2,1MB,1.048975,532,1557.6,False,0.539153,0.598668
DerivO3CPU,8,32,4,64kB,2,2MB,1.048975,533,2581.6,False,0.609093,0.638226
DerivO3CPU,8,32,4,64kB,4,512kB,1.048975,534,1047.2,True,0.481762,0.570991
DerivO3CPU,8,32,4,64kB,4,1MB,1.048975,535,1559.2,False,0.538978,0.59841
DerivO3CPU,8,32,4,64kB,4,2MB,1.048975,536,2583.2,False,0.609086,0.638206
DerivO3CPU,8,32,4,64kB,8,512kB,1.048975,537,1050.4,True,0.481516,0.570576
DerivO3CPU,8,32,4,64kB,8,1MB,1.048975,538,1562.4,False,0.538802,0.597975
DerivO3CPU,8,32,4,64kB,8,2MB,1.048975,539,2586.4,False,0.609084,0.638236
DerivO3CPU,8,32,8,16kB,2,512kB,1.048105,540,1016.4,True,0.479989,0.577098
DerivO3CPU,8,32,8,16kB,2,1MB,1.048105,541,1528.4,False,0.536594,0.595536
DerivO3CPU,8,32,8,16kB,2,2MB,1.048105,542,2552.4,False,0.608772,0.638303
DerivO3CPU,8,32,8,16kB,4,512kB,1.048703,543,1016.8,True,0.479758,0.577253
DerivO3CPU,8,32,8,16kB,4,1MB,1.048703,544,1528.8,False,0.536666,0.595994
DerivO3CPU,8,32,8,16kB,4,2MB,1.048703,545,2552.8,False,0.60902,0.638531
DerivO3CPU,8,32,8,16kB,8,512kB,1.048773,546,1017.6,True,0.479195,0.575474
DerivO3CPU,8,32,8,16kB,8,1MB,1.048773,547,1529.6,False,0.536718,0.596127
DerivO3CPU,8,32,8,16kB,8,2MB,1.048773,548,2553.6,False,0.60902,0.63853
DerivO3CPU,8,32,8,32kB,2,512kB,1.048773,549,1032.8,True,0.480461,0.578309
DerivO3CPU,8,32,8,32kB,2,1MB,1.048773,550,1544.8,False,0.537692,0.597081
DerivO3CPU,8,32,8,32kB,2,2MB,1.048773,551,2568.8,False,0.609037,0.638547
DerivO3CPU,8,32,8,32kB,4,512kB,1.048773,552,1033.6,True,0.480479,0.578132
DerivO3CPU,8,32,8,32kB,4,1MB,1.048773,553,1545.6,False,0.537692,0.596996
DerivO3CPU,8,32,8,32kB,4,2MB,1.048773,554,2569.6,False,0.609032,0.638543
DerivO3CPU,8,32,8,32kB,8,512kB,1.048773,555,1035.2,True,0.480523,0.578132
DerivO3CPU,8,32,8,32kB,8,1MB,1.048773,556,1547.2,False,0.537649,0.596864
DerivO3CPU,8,32,8,32kB,8,2MB,1.048773,557,2571.2,False,0.609032,0.638536
DerivO3CPU,8,32,8,64kB,2,512kB,1.048975,558,1065.6,True,0.481885,0.580222
DerivO3CPU,8,32,8,64kB,2,1MB,1.048975,559,1577.6,False,0.539153,0.598666
DerivO3CPU,8,32,8,64kB,2,2MB,1.048975,560,2601.6,False,0.609093,0.638701
DerivO3CPU,8,32,8,64kB,4,512kB,1.048975,561,1067.2,True,0.481762,0.579421
DerivO3CPU,8,32,8,64kB,4,1MB,1.048975,562,1579.2,False,0.538978,0.598446
DerivO3CPU,8,32,8,64kB,4,2MB,1.048975,563,2603.2,False,0.609086,0.638701
DerivO3CPU,8,32,8,64kB,8,512kB,1.048975,564,1070.4,True,0.481516,0.579897
DerivO3CPU,8,32,8,64kB,8,1MB,1.048975,565,1582.4,False,0.538802,0.598022
DerivO3CPU,8,32,8,64kB,8,2MB,1.048975,566,2606.4,False,0.609084,0.638694
DerivO3CPU,8,64,2,16kB,2,512kB,1.065878,567,1034.4,True,0.482029,0.534438
DerivO3CPU,8,64,2,16kB,2,1MB,1.065878,568,1546.4,False,0.540337,0.582233
DerivO3CPU,8,64,2,16kB,2,2MB,1.065878,569,2570.4,False,0.613619,0.635906
DerivO3CPU,8,64,2,16kB,4,512kB,1.066009,570,1034.8,True,0.482482,0.534152
DerivO3CPU,8,64,2,16kB,4,1MB,1.066009,571,1546.8,False,0.540473,0.581921
DerivO3CPU,8,64,2,16kB,4,2MB,1.066009,572,2570.8,False,0.613749,0.635906
DerivO3CPU,8,64,2,16kB,8,512kB,1.066131,573,1035.6,True,0.482396,0.534152
DerivO3CPU,8,64,2,16kB,8,1MB,1.066131,574,1547.6,False,0.540529,0.582127
DerivO3CPU,8,64,2,16kB,8,2MB,1.066131,575,2571.6,False,0.613749,0.636023
DerivO3CPU,8,64,2,32kB,2,512kB,1.066131,576,1050.8,True,0.482948,0.536388
DerivO3CPU,8,64,2,32kB,2,1MB,1.066131,577,1562.8,False,0.541344,0.584104
DerivO3CPU,8,64,2,32kB,2,2MB,1.066131,578,2586.8,False,0.613759,0.636023
DerivO3CPU,8,64,2,32kB,4,512kB,1.066131,579,1051.6,True,0.482948,0.535852
DerivO3CPU,8,64,2,32kB,4,1MB,1.066131,580,1563.6,False,0.541282,0.583599
DerivO3CPU,8,64,2,32kB,4,2MB,1.066131,581,2587.6,False,0.613759,0.636023
DerivO3CPU,8,64,2,32kB,8,512kB,1.066131,582,1053.2,True,0.482858,0.535342
DerivO3CPU,8,64,2,32kB,8,1MB,1.066131,583,1565.2,False,0.541188,0.583186
DerivO3CPU,8,64,2,32kB,8,2MB,1.066131,584,2589.2,False,0.613759,0.636025
DerivO3CPU,8,64,2,64kB,2,512kB,1.066258,585,1083.6,True,0.485095,0.538815
DerivO3CPU,8,64,2,64kB,2,1MB,1.066258,586,1595.6,False,0.542757,0.586591
DerivO3CPU,8,64,2,64kB,2,2MB,1.066258,587,2619.6,False,0.613821,0.636023
DerivO3CPU,8,64,2,64kB,4,512kB,1.066258,588,1085.2,True,0.485138,0.538471
DerivO3CPU,8,64,2,64kB,4,1MB,1.066258,589,1597.2,False,0.542757,0.585907
DerivO3CPU,8,64,2,64kB,4,2MB,1.066258,590,2621.2,False,0.613938,0.636023
DerivO3CPU,8,64,2,64kB,8,512kB,1.066258,591,1088.4,True,0.484883,0.537509
DerivO3CPU,8,64,2,64kB,8,1MB,1.066258,592,1600.4,False,0.542811,0.585017
DerivO3CPU,8,64,2,64kB,8,2MB,1.066258,593,2624.4,False,0.613938,0.63603
DerivO3CPU,8,64,4,16kB,2,512kB,1.066246,594,1044.4,True,0.482494,0.571986
DerivO3CPU,8,64,4,16kB,2,1MB,1.066246,595,1556.4,False,0.540586,0.600524
DerivO3CPU,8,64,4,16kB,2,2MB,1.066246,596,2580.4,False,0.613777,0.643318
DerivO3CPU,8,64,4,16kB,4,512kB,1.066292,597,1044.8,True,0.482607,0.571697
DerivO3CPU,8,64,4,16kB,4,1MB,1.066292,598,1556.8,False,0.540855,0.600622
DerivO3CPU,8,64,4,16kB,4,2MB,1.066292,599,2580.8,False,0.613918,0.643318
DerivO3CPU,8,64,4,16kB,8,512kB,1.066246,600,1045.6,True,0.482443,0.571686
DerivO3CPU,8,64,4,16kB,8,1MB,1.066246,601,1557.6,False,0.540781,0.600641
DerivO3CPU,8,64,4,16kB,8,2MB,1.066246,602,2581.6,False,0.613918,0.643318
DerivO3CPU,8,64,4,32kB,2,512kB,1.066246,603,1060.8,True,0.483354,0.572828
DerivO3CPU,8,64,4,32kB,2,1MB,1.066246,604,1572.8,False,0.541577,0.601847
DerivO3CPU,8,64,4,32kB,2,2MB,1.066246,605,2596.8,False,0.613935,0.643318
DerivO3CPU,8,64,4,32kB,4,512kB,1.066246,606,1061.6,True,0.483429,0.572563
DerivO3CPU,8,64,4,32kB,4,1MB,1.066246,607,1573.6,False,0.541598,0.601684
DerivO3CPU,8,64,4,32kB,4,2MB,1.066246,608,2597.6,False,0.613918,0.643318
DerivO3CPU,8,64,4,32kB,8,512kB,1.066246,609,1063.2,True,0.483372,0.572441
DerivO3CPU,8,64,4,32kB,8,1MB,1.066246,610,1575.2,False,0.541361,0.601384
DerivO3CPU,8,64,4,32kB,8,2MB,1.066246,611,2599.2,False,0.613918,0.643318
DerivO3CPU,8,64,4,64kB,2,512kB,1.066392,612,1093.6,True,0.485144,0.575252
DerivO3CPU,8,64,4,64kB,2,1MB,1.066392,613,1605.6,False,0.543267,0.603141
DerivO3CPU,8,64,4,64kB,2,2MB,1.066392,614,2629.6,False,0.613981,0.643318
DerivO3CPU,8,64,4,64kB,4,512kB,1.0664,615,1095.2,True,0.485171,0.575048
DerivO3CPU,8,64,4,64kB,4,1MB,1.0664,616,1607.2,False,0.54284,0.602742
DerivO3CPU,8,64,4,64kB,4,2MB,1.0664,617,2631.2,False,0.613981,0.643296
DerivO3CPU,8,64,4,64kB,8,512kB,1.0664,618,1098.4,True,0.484927,0.574653
DerivO3CPU,8,64,4,64kB,8,1MB,1.0664,619,1610.4,False,0.542886,0.602585
DerivO3CPU,8,64,4,64kB,8,2MB,1.0664,620,2634.4,False,0.613981,0.643339
DerivO3CPU,8,64,8,16kB,2,512kB,1.066246,621,1064.4,True,0.482494,0.581595
DerivO3CPU,8,64,8,16kB,2,1MB,1.066246,622,1576.4,False,0.540586,0.60081
DerivO3CPU,8,64,8,16kB,2,2MB,1.066246,623,2600.4,False,0.613777,0.643893
DerivO3CPU,8,64,8,16kB,4,512kB,1.066292,624,1064.8,True,0.482607,0.580707
DerivO3CPU,8,64,8,16kB,4,1MB,1.066292,625,1576.8,False,0.540855,0.600603
DerivO3CPU,8,64,8,16kB,4,2MB,1.066292,626,2600.8,False,0.613918,0.643894
DerivO3CPU,8,64,8,16kB,8,512kB,1.066246,627,1065.6,True,0.482443,0.580872
DerivO3CPU,8,64,8,16kB,8,1MB,1.066246,628,1577.6,False,0.540781,0.600678
DerivO3CPU,8,64,8,16kB,8,2MB,1.066246,629,2601.6,False,0.613918,0.643899
DerivO3CPU,8,64,8,32kB,2,512kB,1.066246,630,1080.8,True,0.483354,0.581191
DerivO3CPU,8,64,8,32kB,2,1MB,1.066246,631,1592.8,False,0.541577,0.601821
DerivO3CPU,8,64,8,32kB,2,2MB,1.066246,632,2616.8,False,0.613935,0.643917
DerivO3CPU,8,64,8,32kB,4,512kB,1.066246,633,1081.6,True,0.483429,0.582111
DerivO3CPU,8,64,8,32kB,4,1MB,1.066246,634,1593.6,False,0.541598,0.601699
DerivO3CPU,8,64,8,32kB,4,2MB,1.066246,635,2617.6,False,0.613918,0.643913
DerivO3CPU,8,64,8,32kB,8,512kB,1.066246,636,1083.2,True,0.483372,0.581705
DerivO3CPU,8,64,8,32kB,8,1MB,1.066246,637,1595.2,False,0.541361,0.601597
DerivO3CPU,8,64,8,32kB,8,2MB,1.066246,638,2619.2,False,0.613918,0.643906
DerivO3CPU,8,64,8,64kB,2,512kB,1.066392,639,1113.6,True,0.485146,0.58489
DerivO3CPU,8,64,8,64kB,2,1MB,1.066392,640,1625.6,False,0.543267,0.603143
DerivO3CPU,8,64,8,64kB,2,2MB,1.066392,641,2649.6,False,0.613981,0.643936
DerivO3CPU,8,64,8,64kB,4,512kB,1.0664,642,1115.2,True,0.485171,0.584055
DerivO3CPU,8,64,8,64kB,4,1MB,1.0664,643,1627.2,False,0.54284,0.602919
DerivO3CPU,8,64,8,64kB,4,2MB,1.0664,644,2651.2,False,0.613981,0.643936
DerivO3CPU,8,64,8,64kB,8,512kB,1.0664,645,1118.4,True,0.484927,0.584089
DerivO3CPU,8,64,8,64kB,8,1MB,1.0664,646,1630.4,False,0.542886,0.60245
DerivO3CPU,8,64,8,64kB,8,2MB,1.0664,647,2654.4,False,0.613981,0.643929
DerivO3CPU,8,128,2,16kB,2,512kB,1.072323,648,1130.4,True,0.483341,0.535466
DerivO3CPU,8,128,2,16kB,2,1MB,1.072323,649,1642.4,False,0.542117,0.583656
DerivO3CPU,8,128,2,16kB,2,2MB,1.072323,650,2666.4,False,0.61557,0.63763
DerivO3CPU,8,128,2,16kB,4,512kB,1.072571,651,1130.8,True,0.483208,0.535416
DerivO3CPU,8,128,2,16kB,4,1MB,1.072571,652,1642.8,False,0.542004,0.583937
DerivO3CPU,8,128,2,16kB,4,2MB,1.072571,653,2666.8,False,0.615568,0.63788
DerivO3CPU,8,128,2,16kB,8,512kB,1.072572,654,1131.6,True,0.483073,0.535204
DerivO3CPU,8,128,2,16kB,8,1MB,1.072572,655,1643.6,False,0.542106,0.583725
DerivO3CPU,8,128,2,16kB,8,2MB,1.072572,656,2667.6,False,0.615568,0.63788
DerivO3CPU,8,128,2,32kB,2,512kB,1.072572,657,1146.8,True,0.483861,0.536973
DerivO3CPU,8,128,2,32kB,2,1MB,1.072572,658,1658.8,False,0.542536,0.585324
DerivO3CPU,8,128,2,32kB,2,2MB,1.072572,659,2682.8,False,0.615568,0.63788
DerivO3CPU,8,128,2,32kB,4,512kB,1.072571,660,1147.6,True,0.483861,0.536661
DerivO3CPU,8,128,2,32kB,4,1MB,1.072571,661,1659.6,False,0.542536,0.584896
DerivO3CPU,8,128,2,32kB,4,2MB,1.072571,662,2683.6,False,0.615568,0.63788
DerivO3CPU,8,128,2,32kB,8,512kB,1.072572,663,1149.2,True,0.483773,0.535885
DerivO3CPU,8,128,2,32kB,8,1MB,1.072572,664,1661.2,False,0.542415,0.584525
DerivO3CPU,8,128,2,32kB,8,2MB,1.072572,665,2685.2,False,0.615568,0.637881
DerivO3CPU,8,128,2,64kB,2,512kB,1.072711,666,1179.6,True,0.48604,0.540507
DerivO3CPU,8,128,2,64kB,2,1MB,1.072711,667,1691.6,False,0.544532,0.588472
DerivO3CPU,8,128,2,64kB,2,2MB,1.072711,668,2715.6,False,0.615637,0.63788
DerivO3CPU,8,128,2,64kB,4,512kB,1.07271,669,1181.2,True,0.485798,0.539823
DerivO3CPU,8,128,2,64kB,4,1MB,1.07271,670,1693.2,False,0.544457,0.587919
DerivO3CPU,8,128,2,64kB,4,2MB,1.07271,671,2717.2,False,0.615613,0.63788
DerivO3CPU,8,128,2,64kB,8,512kB,1.07271,672,1184.4,True,0.48558,0.538858
DerivO3CPU,8,128,2,64kB,8,1MB,1.07271,673,1696.4,False,0.544125,0.586686
DerivO3CPU,8,128,2,64kB,8,2MB,1.07271,674,2720.4,False,0.615613,0.637883
DerivO3CPU,8,128,4,16kB,2,512kB,1.073018,675,1140.4,True,0.483732,0.573314
DerivO3CPU,8,128,4,16kB,2,1MB,1.073018,676,1652.4,False,0.542383,0.601389
DerivO3CPU,8,128,4,16kB,2,2MB,1.073018,677,2676.4,False,0.615626,0.645267
DerivO3CPU,8,128,4,16kB,4,512kB,1.073099,678,1140.8,True,0.48339,0.573199
DerivO3CPU,8,128,4,16kB,4,1MB,1.073099,679,1652.8,False,0.542383,0.601414
DerivO3CPU,8,128,4,16kB,4,2MB,1.073099,680,2676.8,False,0.615651,0.645271
DerivO3CPU,8,128,4,16kB,8,512kB,1.073032,681,1141.6,True,0.483744,0.573203
DerivO3CPU,8,128,4,16kB,8,1MB,1.073032,682,1653.6,False,0.542383,0.601336
DerivO3CPU,8,128,4,16kB,8,2MB,1.073032,683,2677.6,False,0.615624,0.645271
DerivO3CPU,8,128,4,32kB,2,512kB,1.073032,684,1156.8,True,0.484374,0.574747
DerivO3CPU,8,128,4,32kB,2,1MB,1.073032,685,1668.8,False,0.542822,0.602564
DerivO3CPU,8,128,4,32kB,2,2MB,1.073032,686,2692.8,False,0.615651,0.645271
DerivO3CPU,8,128,4,32kB,4,512kB,1.073032,687,1157.6,True,0.484366,0.574446
DerivO3CPU,8,128,4,32kB,4,1MB,1.073032,688,1669.6,False,0.542797,0.602387
DerivO3CPU,8,128,4,32kB,4,2MB,1.073032,689,2693.6,False,0.615651,0.645271
DerivO3CPU,8,128,4,32kB,8,512kB,1.073032,690,1159.2,True,0.484279,0.57418
DerivO3CPU,8,128,4,32kB,8,1MB,1.073032,691,1671.2,False,0.542786,0.602325
DerivO3CPU,8,128,4,32kB,8,2MB,1.073032,692,2695.2,False,0.615651,0.645271
DerivO3CPU,8,128,4,64kB,2,512kB,1.073206,693,1189.6,True,0.486087,0.577063
DerivO3CPU,8,128,4,64kB,2,1MB,1.073206,694,1701.6,False,0.544439,0.604422
DerivO3CPU,8,128,4,64kB,2,2MB,1.073206,695,2725.6,False,0.615734,0.645271
DerivO3CPU,8,128,4,64kB,4,512kB,1.073213,696,1191.2,True,0.485923,0.576611
DerivO3CPU,8,128,4,64kB,4,1MB,1.073213,697,1703.2,False,0.544322,0.604118
DerivO3CPU,8,128,4,64kB,4,2MB,1.073213,698,2727.2,False,0.615715,0.64527
DerivO3CPU,8,128,4,64kB,8,512kB,1.073213,699,1194.4,True,0.485628,0.576045
DerivO3CPU,8,128,4,64kB,8,1MB,1.073213,700,1706.4,False,0.54418,0.603575
DerivO3CPU,8,128,4,64kB,8,2MB,1.073213,701,2730.4,False,0.615715,0.645271
DerivO3CPU,8,128,8,16kB,2,512kB,1.073064,702,1160.4,True,0.48374,0.582257
DerivO3CPU,8,128,8,16kB,2,1MB,1.073064,703,1672.4,False,0.542393,0.60131
DerivO3CPU,8,128,8,16kB,2,2MB,1.073064,704,2696.4,False,0.615638,0.645723
DerivO3CPU,8,128,8,16kB,4,512kB,1.073144,705,1160.8,True,0.483397,0.581644
DerivO3CPU,8,128,8,16kB,4,1MB,1.073144,706,1672.8,False,0.542393,0.601496
DerivO3CPU,8,128,8,16kB,4,2MB,1.073144,707,2696.8,False,0.615663,0.645714
DerivO3CPU,8,128,8,16kB,8,512kB,1.073077,708,1161.6,True,0.483752,0.582144
DerivO3CPU,8,128,8,16kB,8,1MB,1.073077,709,1673.6,False,0.542393,0.601315
DerivO3CPU,8,128,8,16kB,8,2MB,1.073077,710,2697.6,False,0.615636,0.645714
DerivO3CPU,8,128,8,32kB,2,512kB,1.073077,711,1176.8,True,0.484382,0.583387
DerivO3CPU,8,128,8,32kB,2,1MB,1.073077,712,1688.8,False,0.542832,0.602632
DerivO3CPU,8,128,8,32kB,2,2MB,1.073077,713,2712.8,False,0.615663,0.645734
DerivO3CPU,8,128,8,32kB,4,512kB,1.073077,714,1177.6,True,0.484373,0.583638
DerivO3CPU,8,128,8,32kB,4,1MB,1.073077,715,1689.6,False,0.542806,0.602435
DerivO3CPU,8,128,8,32kB,4,2MB,1.073077,716,2713.6,False,0.615663,0.64573
DerivO3CPU,8,128,8,32kB,8,512kB,1.073077,717,1179.2,True,0.484287,0.583506
DerivO3CPU,8,128,8,32kB,8,1MB,1.073077,718,1691.2,False,0.542795,0.602689
DerivO3CPU,8,128,8,32kB,8,2MB,1.073077,719,2715.2,False,0.615663,0.645723
DerivO3CPU,8,128,8,64kB,2,512kB,1.07325,720,1209.6,True,0.486095,0.585334
DerivO3CPU,8,128,8,64kB,2,1MB,1.07325,721,1721.6,False,0.544449,0.604396
DerivO3CPU,8,128,8,64kB,2,2MB,1.07325,722,2745.6,False,0.615747,0.645755
DerivO3CPU,8,128,8,64kB,4,512kB,1.073252,723,1211.2,True,0.485931,0.584348
DerivO3CPU,8,128,8,64kB,4,1MB,1.073252,724,1723.2,False,0.544332,0.604145
DerivO3CPU,8,128,8,64kB,4,2MB,1.073252,725,2747.2,False,0.615727,0.645755
DerivO3CPU,8,128,8,64kB,8,512kB,1.073252,726,1214.4,True,0.485635,0.585698
DerivO3CPU,8,128,8,64kB,8,1MB,1.073252,727,1726.4,False,0.54419,0.603527
DerivO3CPU,8,128,8,64kB,8,2MB,1.073252,728,2750.4,False,0.615727,0.645735
MinorCPU,2,inactive,2,16kB,2,512kB,0.491153,729,638.4,True,0.301738,0.293776
MinorCPU,2,inactive,2,16kB,2,1MB,0.491153,730,1150.4,True,0.321594,0.3168
MinorCPU,2,inactive,2,16kB,2,2MB,0.491153,731,2174.4,False,0.343863,0.341565
MinorCPU,2,inactive,2,16kB,4,512kB,0.491155,732,638.8,True,0.301807,0.293577
MinorCPU,2,inactive,2,16kB,4,1MB,0.491155,733,1150.8,True,0.321515,0.316498
MinorCPU,2,inactive,2,16kB,4,2MB,0.491155,734,2174.8,False,0.343863,0.341565
MinorCPU,2,inactive,2,16kB,8,512kB,0.491155,735,639.6,True,0.301769,0.293471
MinorCPU,2,inactive,2,16kB,8,1MB,0.491155,736,1151.6,True,0.321515,0.316418
MinorCPU,2,inactive,2,16kB,8,2MB,0.491155,737,2175.6,False,0.343863,0.341565
MinorCPU,2,inactive,2,32kB,2,512kB,0.491155,738,654.8,True,0.301848,0.294504
MinorCPU,2,inactive,2,32kB,2,1MB,0.491155,739,1166.8,True,0.321698,0.317576
MinorCPU,2,inactive,2,32kB,2,2MB,0.491155,740,2190.8,False,0.343869,0.341565
MinorCPU,2,inactive,2,32kB,4,512kB,0.491155,741,655.6,True,0.301896,0.294266
MinorCPU,2,inactive,2,32kB,4,1MB,0.491155,742,1167.6,True,0.321698,0.317252
MinorCPU,2,inactive,2,32kB,4,2MB,0.491155,743,2191.6,False,0.343863,0.341565
MinorCPU,2,inactive,2,32kB,8,512kB,0.491155,744,657.2,True,0.301817,0.293781
MinorCPU,2,inactive,2,32kB,8,1MB,0.491155,745,1169.2,True,0.321659,0.316644
MinorCPU,2,inactive,2,32kB,8,2MB,0.491155,746,2193.2,False,0.343863,0.341563
MinorCPU,2,inactive,2,64kB,2,512kB,0.491261,747,687.6,True,0.302492,0.295677
MinorCPU,2,inactive,2,64kB,2,1MB,0.491261,748,1199.6,True,0.322294,0.318664
MinorCPU,2,inactive,2,64kB,2,2MB,0.491261,749,2223.6,False,0.343923,0.341577
MinorCPU,2,inactive,2,64kB,4,512kB,0.491269,750,689.2,True,0.30245,0.295516
MinorCPU,2,inactive,2,64kB,4,1MB,0.491269,751,1201.2,True,0.322285,0.318555
MinorCPU,2,inactive,2,64kB,4,2MB,0.491269,752,2225.2,False,0.343923,0.341589
MinorCPU,2,inactive,2,64kB,8,512kB,0.491269,753,692.4,True,0.302419,0.294649
MinorCPU,2,inactive,2,64kB,8,1MB,0.491269,754,1204.4,True,0.322224,0.317568
MinorCPU,2,inactive,2,64kB,8,2MB,0.491269,755,2228.4,False,0.343923,0.341586
MinorCPU,2,inactive,4,16kB,2,512kB,0.491153,756,648.4,True,0.301738,0.293776
MinorCPU,2,inactive,4,16kB,2,1MB,0.491153,757,1160.4,True,0.321594,0.3168
MinorCPU,2,inactive,4,16kB,2,2MB,0.491153,758,2184.4,False,0.343863,0.341565
MinorCPU,2,inactive,4,16kB,4,512kB,0.491155,759,648.8,True,0.301807,0.293577
MinorCPU,2,inactive,4,16kB,4,1MB,0.491155,760,1160.8,True,0.321515,0.316498
MinorCPU,2,inactive,4,16kB,4,2MB,0.491155,761,2184.8,False,0.343863,0.341565
MinorCPU,2,inactive,4,16kB,8,512kB,0.491155,762,649.6,True,0.301769,0.293471
MinorCPU,2,inactive,4,16kB,8,1MB,0.491155,763,1161.6,True,0.321515,0.316418
MinorCPU,2,inactive,4,16kB,8,2MB,0.491155,764,2185.6,False,0.343863,0.341565
MinorCPU,2,inactive,4,32kB,2,512kB,0.491155,765,664.8,True,0.301848,0.294504
MinorCPU,2,inactive,4,32kB,2,1MB,0.491155,766,1176.8,True,0.321698,0.317576
MinorCPU,2,inactive,4,32kB,2,2MB,0.491155,767,2200.8,False,0.343869,0.341565
MinorCPU,2,inactive,4,32kB,4,512kB,0.491155,768,665.6,True,0.301896,0.294266
MinorCPU,2,inactive,4,32kB,4,1MB,0.491155,769,1177.6,True,0.321698,0.317252
MinorCPU,2,inactive,4,32kB,4,2MB,0.491155,770,2201.6,False,0.343863,0.341565
MinorCPU,2,inactive,4,32kB,8,512kB,0.491155,771,667.2,True,0.301817,0.293781
MinorCPU,2,inactive,4,32kB,8,1MB,0.491155,772,1179.2,True,0.321659,0.316644
MinorCPU,2,inactive,4,32kB,8,2MB,0.491155,773,2203.2,False,0.343863,0.341563
MinorCPU,2,inactive,4,64kB,2,512kB,0.491261,774,697.6,True,0.302492,0.295677
MinorCPU,2,inactive,4,64kB,2,1MB,0.491261,775,1209.6,True,0.322294,0.318664
MinorCPU,2,inactive,4,64kB,2,2MB,0.491261,776,2233.6,False,0.343923,0.341577
MinorCPU,2,inactive,4,64kB,4,512kB,0.491269,777,699.2,True,0.30245,0.295516
MinorCPU,2,inactive,4,64kB,4,1MB,0.491269,778,1211.2,True,0.322285,0.318555
MinorCPU,2,inactive,4,64kB,4,2MB,0.491269,779,2235.2,False,0.343923,0.341589
MinorCPU,2,inactive,4,64kB,8,512kB,0.491269,780,702.4,True,0.302419,0.294649
MinorCPU,2,inactive,4,64kB,8,1MB,0.491269,781,1214.4,True,0.322224,0.317568
MinorCPU,2,inactive,4,64kB,8,2MB,0.491269,782,2238.4,False,0.343923,0.341586
MinorCPU,2,inactive,8,16kB,2,512kB,0.491153,783,668.4,True,0.301738,0.293776
MinorCPU,2,inactive,8,16kB,2,1MB,0.491153,784,1180.4,True,0.321594,0.3168
MinorCPU,2,inactive,8,16kB,2,2MB,0.491153,785,2204.4,False,0.343863,0.341565
MinorCPU,2,inactive,8,16kB,4,512kB,0.491155,786,668.8,True,0.301807,0.293577
MinorCPU,2,inactive,8,16kB,4,1MB,0.491155,787,1180.8,True,0.321515,0.316498
MinorCPU,2,inactive,8,16kB,4,2MB,0.491155,788,2204.8,False,0.343863,0.341565
MinorCPU,2,inactive,8,16kB,8,512kB,0.491155,789,669.6,True,0.301769,0.293471
MinorCPU,2,inactive,8,16kB,8,1MB,0.491155,790,1181.6,True,0.321515,0.316418
MinorCPU,2,inactive,8,16kB,8,2MB,0.491155,791,2205.6,False,0.343863,0.341565
MinorCPU,2,inactive,8,32kB,2,512kB,0.491155,792,684.8,True,0.301848,0.294504
MinorCPU,2,inactive,8,32kB,2,1MB,0.491155,793,1196.8,True,0.321698,0.317576
MinorCPU,2,inactive,8,32kB,2,2MB,0.491155,794,2220.8,False,0.343869,0.341565
MinorCPU,2,inactive,8,32kB,4,512kB,0.491155,795,685.6,True,0.301896,0.294266
MinorCPU,2,inactive,8,32kB,4,1MB,0.491155,796,1197.6,True,0.321698,0.317252
MinorCPU,2,inactive,8,32kB,4,2MB,0.491155,797,2221.6,False,0.343863,0.341565
MinorCPU,2,inactive,8,32kB,8,512kB,0.491155,798,687.2,True,0.301817,0.293781
MinorCPU,2,inactive,8,32kB,8,1MB,0.491155,799,1199.2,True,0.321659,0.316644
MinorCPU,2,inactive,8,32kB,8,2MB,0.491155,800,2223.2,False,0.343863,0.341563
MinorCPU,2,inactive,8,64kB,2,512kB,0.491261,801,717.6,True,0.302492,0.295677
MinorCPU,2,inactive,8,64kB,2,1MB,0.491261,802,1229.6,True,0.322294,0.318664
MinorCPU,2,inactive,8,64kB,2,2MB,0.491261,803,2253.6,False,0.343923,0.341577
MinorCPU,2,inactive,8,64kB,4,512kB,0.491269,804,719.2,True,0.30245,0.295516
MinorCPU,2,inactive,8,64kB,4,1MB,0.491269,805,1231.2,True,0.322285,0.318555
MinorCPU,2,inactive,8,64kB,4,2MB,0.491269,806,2255.2,False,0.343923,0.341589
MinorCPU,2,inactive,8,64kB,8,512kB,0.491269,807,722.4,True,0.302419,0.294649
MinorCPU,2,inactive,8,64kB,8,1MB,0.491269,808,1234.4,True,0.322224,0.317568
MinorCPU,2,inactive,8,64kB,8,2MB,0.491269,809,2258.4,False,0.343923,0.341586
MinorCPU,4,inactive,2,16kB,2,512kB,0.501047,810,738.4,True,0.305224,0.297384
MinorCPU,4,inactive,2,16kB,2,1MB,0.501047,811,1250.4,True,0.325763,0.320906
MinorCPU,4,inactive,2,16kB,2,2MB,0.501047,812,2274.4,False,0.348822,0.346326
MinorCPU,4,inactive,2,16kB,4,512kB,0.501241,813,738.8,True,0.305333,0.297391
MinorCPU,4,inactive,2,16kB,4,1MB,0.501241,814,1250.8,True,0.325763,0.32086
MinorCPU,4,inactive,2,16kB,4,2MB,0.501241,815,2274.8,False,0.348894,0.346481
MinorCPU,4,inactive,2,16kB,8,512kB,0.501241,816,739.6,True,0.305333,0.297376
MinorCPU,4,inactive,2,16kB,8,1MB,0.501241,817,1251.6,True,0.325817,0.320737
MinorCPU,4,inactive,2,16kB,8,2MB,0.501241,818,2275.6,False,0.348894,0.346481
MinorCPU,4,inactive,2,32kB,2,512kB,0.501241,819,754.8,True,0.305533,0.298245
MinorCPU,4,inactive,2,32kB,2,1MB,0.501241,820,1266.8,True,0.326005,0.321863
MinorCPU,4,inactive,2,32kB,2,2MB,0.501241,821,2290.8,False,0.348894,0.346481
MinorCPU,4,inactive,2,32kB,4,512kB,0.501241,822,755.6,True,0.305475,0.298063
MinorCPU,4,inactive,2,32kB,4,1MB,0.501241,823,1267.6,True,0.325972,0.321526
MinorCPU,4,inactive,2,32kB,4,2MB,0.501241,824,2291.6,False,0.348894,0.346481
MinorCPU,4,inactive,2,32kB,8,512kB,0.501241,825,757.2,True,0.305454,0.297507
MinorCPU,4,inactive,2,32kB,8,1MB,0.501241,826,1269.2,True,0.325967,0.320906
MinorCPU,4,inactive,2,32kB,8,2MB,0.501241,827,2293.2,False,0.348894,0.346479
MinorCPU,4,inactive,2,64kB,2,512kB,0.501346,828,787.6,True,0.306097,0.299574
MinorCPU,4,inactive,2,64kB,2,1MB,0.501346,829,1299.6,True,0.326504,0.323134
MinorCPU,4,inactive,2,64kB,2,2MB,0.501346,830,2323.6,False,0.348926,0.346493
MinorCPU,4,inactive,2,64kB,4,512kB,0.501346,831,789.2,True,0.306078,0.299419
MinorCPU,4,inactive,2,64kB,4,1MB,0.501346,832,1301.2,True,0.326405,0.322935
MinorCPU,4,inactive,2,64kB,4,2MB,0.501346,833,2325.2,False,0.348926,0.346505
MinorCPU,4,inactive,2,64kB,8,512kB,0.501346,834,792.4,True,0.305991,0.298649
MinorCPU,4,inactive,2,64kB,8,1MB,0.501346,835,1304.4,True,0.326454,0.321964
MinorCPU,4,inactive,2,64kB,8,2MB,0.501346,836,2328.4,False,0.348919,0.346503
MinorCPU,4,inactive,4,16kB,2,512kB,0.501047,837,748.4,True,0.305224,0.297384
MinorCPU,4,inactive,4,16kB,2,1MB,0.501047,838,1260.4,True,0.325763,0.320906
MinorCPU,4,inactive,4,16kB,2,2MB,0.501047,839,2284.4,False,0.348822,0.346326
MinorCPU,4,inactive,4,16kB,4,512kB,0.501241,840,748.8,True,0.305333,0.297391
MinorCPU,4,inactive,4,16kB,4,1MB,0.501241,841,1260.8,True,0.325763,0.32086
MinorCPU,4,inactive,4,16kB,4,2MB,0.501241,842,2284.8,False,0.348894,0.346481
MinorCPU,4,inactive,4,16kB,8,512kB,0.501241,843,749.6,True,0.305333,0.297376
MinorCPU,4,inactive,4,16kB,8,1MB,0.501241,844,1261.6,True,0.325817,0.320737
MinorCPU,4,inactive,4,16kB,8,2MB,0.501241,845,2285.6,False,0.348894,0.346481
MinorCPU,4,inactive,4,32kB,2,512kB,0.501241,846,764.8,True,0.305533,0.298245
MinorCPU,4,inactive,4,32kB,2,1MB,0.501241,847,1276.8,True,0.326005,0.321863
MinorCPU,4,inactive,4,32kB,2,2MB,0.501241,848,2300.8,False,0.348894,0.346481
MinorCPU,4,inactive,4,32kB,4,512kB,0.501241,849,765.6,True,0.305475,0.298063
MinorCPU,4,inactive,4,32kB,4,1MB,0.501241,850,1277.6,True,0.325972,0.321526
MinorCPU,4,inactive,4,32kB,4,2MB,0.501241,851,2301.6,False,0.348894,0.346481
MinorCPU,4,inactive,4,32kB,8,512kB,0.501241,852,767.2,True,0.305454,0.297507
MinorCPU,4,inactive,4,32kB,8,1MB,0.501241,853,1279.2,True,0.325967,0.320906
MinorCPU,4,inactive,4,32kB,8,2MB,0.501241,854,2303.2,False,0.348894,0.346479
MinorCPU,4,inactive,4,64kB,2,512kB,0.501346,855,797.6,True,0.306097,0.299574
MinorCPU,4,inactive,4,64kB,2,1MB,0.501346,856,1309.6,True,0.326504,0.323134
MinorCPU,4,inactive,4,64kB,2,2MB,0.501346,857,2333.6,False,0.348926,0.346493
MinorCPU,4,inactive,4,64kB,4,512kB,0.501346,858,799.2,True,0.306078,0.299419
MinorCPU,4,inactive,4,64kB,4,1MB,0.501346,859,1311.2,True,0.326405,0.322935
MinorCPU,4,inactive,4,64kB,4,2MB,0.501346,860,2335.2,False,0.348926,0.346505
MinorCPU,4,inactive,4,64kB,8,512kB,0.501346,861,802.4,True,0.305991,0.298649
MinorCPU,4,inactive,4,64kB,8,1MB,0.501346,862,1314.4,True,0.326454,0.321964
MinorCPU,4,inactive,4,64kB,8,2MB,0.501346,863,2338.4,False,0.348919,0.346503
MinorCPU,4,inactive,8,16kB,2,512kB,0.501047,864,768.4,True,0.305224,0.297384
MinorCPU,4,inactive,8,16kB,2,1MB,0.501047,865,1280.4,True,0.325763,0.320906
MinorCPU,4,inactive,8,16kB,2,2MB,0.501047,866,2304.4,False,0.348822,0.346326
MinorCPU,4,inactive,8,16kB,4,512kB,0.501241,867,768.8,True,0.305333,0.297391
MinorCPU,4,inactive,8,16kB,4,1MB,0.501241,868,1280.8,True,0.325763,0.32086
MinorCPU,4,inactive,8,16kB,4,2MB,0.501241,869,2304.8,False,0.348894,0.346481
MinorCPU,4,inactive,8,16kB,8,512kB,0.501241,870,769.6,True,0.305333,0.297376
MinorCPU,4,inactive,8,16kB,8,1MB,0.501241,871,1281.6,True,0.325817,0.320737
MinorCPU,4,inactive,8,16kB,8,2MB,0.501241,872,2305.6,False,0.348894,0.346481
MinorCPU,4,inactive,8,32kB,2,512kB,0.501241,873,784.8,True,0.305533,0.298245
MinorCPU,4,inactive,8,32kB,2,1MB,0.501241,874,1296.8,True,0.326005,0.321863
MinorCPU,4,inactive,8,32kB,2,2MB,0.501241,875,2320.8,False,0.348894,0.346481
MinorCPU,4,inactive,8,32kB,4,512kB,0.501241,876,785.6,True,0.305475,0.298063
MinorCPU,4,inactive,8,32kB,4,1MB,0.501241,877,1297.6,True,0.325972,0.321526
MinorCPU,4,inactive,8,32kB,4,2MB,0.501241,878,2321.6,False,0.348894,0.346481
MinorCPU,4,inactive,8,32kB,8,512kB,0.501241,879,787.2,True,0.305454,0.297507
MinorCPU,4,inactive,8,32kB,8,1MB,0.501241,880,1299.2,True,0.325967,0.320906
MinorCPU,4,inactive,8,32kB,8,2MB,0.501241,881,2323.2,False,0.348894,0.346479
MinorCPU,4,inactive,8,64kB,2,512kB,0.501346,882,817.6,True,0.306097,0.299574
MinorCPU,4,inactive,8,64kB,2,1MB,0.501346,883,1329.6,True,0.326504,0.323134
MinorCPU,4,inactive,8,64kB,2,2MB,0.501346,884,2353.6,False,0.348926,0.346493
MinorCPU,4,inactive,8,64kB,4,512kB,0.501346,885,819.2,True,0.306078,0.299419
MinorCPU,4,inactive,8,64kB,4,1MB,0.501346,886,1331.2,True,0.326405,0.322935
MinorCPU,4,inactive,8,64kB,4,2MB,0.501346,887,2355.2,False,0.348926,0.346505
MinorCPU,4,inactive,8,64kB,8,512kB,0.501346,888,822.4,True,0.305991,0.298649
MinorCPU,4,inactive,8,64kB,8,1MB,0.501346,889,1334.4,True,0.326454,0.321964
MinorCPU,4,inactive,8,64kB,8,2MB,0.501346,890,2358.4,False,0.348919,0.346503
MinorCPU,8,inactive,2,16kB,2,512kB,0.5059,891,938.4,True,0.305218,0.297204
MinorCPU,8,inactive,2,16kB,2,1MB,0.5059,892,1450.4,True,0.32568,0.320733
MinorCPU,8,inactive,2,16kB,2,2MB,0.5059,893,2474.4,False,0.348865,0.346099
MinorCPU,8,inactive,2,16kB,4,512kB,0.5059,894,938.8,True,0.305211,0.296997
MinorCPU,8,inactive,2,16kB,4,1MB,0.5059,895,1450.8,True,0.325676,0.320499
MinorCPU,8,inactive,2,16kB,4,2MB,0.5059,896,2474.8,False,0.348865,0.346099
MinorCPU,8,inactive,2,16kB,8,512kB,0.5059,897,939.6,True,0.305211,0.296898
MinorCPU,8,inactive,2,16kB,8,1MB,0.5059,898,1451.6,True,0.325695,0.320376
MinorCPU,8,inactive,2,16kB,8,2MB,0.5059,899,2475.6,False,0.348865,0.346099
MinorCPU,8,inactive,2,32kB,2,512kB,0.5059,900,954.8,True,0.305531,0.297944
MinorCPU,8,inactive,2,32kB,2,1MB,0.5059,901,1466.8,True,0.325997,0.321636
MinorCPU,8,inactive,2,32kB,2,2MB,0.5059,902,2490.8,False,0.348865,0.346099
MinorCPU,8,inactive,2,32kB,4,512kB,0.5059,903,955.6,True,0.305468,0.297755
MinorCPU,8,inactive,2,32kB,4,1MB,0.5059,904,1467.6,True,0.325958,0.321286
MinorCPU,8,inactive,2,32kB,4,2MB,0.5059,905,2491.6,False,0.348865,0.346099
MinorCPU,8,inactive,2,32kB,8,512kB,0.5059,906,957.2,True,0.30545,0.297204
MinorCPU,8,inactive,2,32kB,8,1MB,0.5059,907,1469.2,True,0.325958,0.320781
MinorCPU,8,inactive,2,32kB,8,2MB,0.5059,908,2493.2,False,0.348865,0.346098
MinorCPU,8,inactive,2,64kB,2,512kB,0.506019,909,987.6,True,0.306041,0.299233
MinorCPU,8,inactive,2,64kB,2,1MB,0.506019,910,1499.6,True,0.326461,0.322786
MinorCPU,8,inactive,2,64kB,2,2MB,0.506019,911,2523.6,False,0.348887,0.346099
MinorCPU,8,inactive,2,64kB,4,512kB,0.506041,912,989.2,True,0.306026,0.299414
MinorCPU,8,inactive,2,64kB,4,1MB,0.506041,913,1501.2,False,0.326409,0.322854
MinorCPU,8,inactive,2,64kB,4,2MB,0.506041,914,2525.2,False,0.348906,0.346478
MinorCPU,8,inactive,2,64kB,8,512kB,0.506041,915,992.4,True,0.30596,0.298638
MinorCPU,8,inactive,2,64kB,8,1MB,0.506041,916,1504.4,False,0.326359,0.321954
MinorCPU,8,inactive,2,64kB,8,2MB,0.506041,917,2528.4,False,0.348906,0.346475
MinorCPU,8,inactive,4,16kB,2,512kB,0.5059,918,948.4,True,0.305218,0.297204
MinorCPU,8,inactive,4,16kB,2,1MB,0.5059,919,1460.4,True,0.32568,0.320733
MinorCPU,8,inactive,4,16kB,2,2MB,0.5059,920,2484.4,False,0.348865,0.346099
MinorCPU,8,inactive,4,16kB,4,512kB,0.5059,921,948.8,True,0.305211,0.296997
MinorCPU,8,inactive,4,16kB,4,1MB,0.5059,922,1460.8,True,0.325676,0.320499
MinorCPU,8,inactive,4,16kB,4,2MB,0.5059,923,2484.8,False,0.348865,0.346099
MinorCPU,8,inactive,4,16kB,8,512kB,0.5059,924,949.6,True,0.305211,0.296898
MinorCPU,8,inactive,4,16kB,8,1MB,0.5059,925,1461.6,True,0.325695,0.320376
MinorCPU,8,inactive,4,16kB,8,2MB,0.5059,926,2485.6,False,0.348865,0.346099
MinorCPU,8,inactive,4,32kB,2,512kB,0.5059,927,964.8,True,0.305531,0.297944
MinorCPU,8,inactive,4,32kB,2,1MB,0.5059,928,1476.8,True,0.325997,0.321636
MinorCPU,8,inactive,4,32kB,2,2MB,0.5059,929,2500.8,False,0.348865,0.346099
MinorCPU,8,inactive,4,32kB,4,512kB,0.5059,930,965.6,True,0.305468,0.297755
MinorCPU,8,inactive,4,32kB,4,1MB,0.5059,931,1477.6,True,0.325958,0.321286
MinorCPU,8,inactive,4,32kB,4,2MB,0.5059,932,2501.6,False,0.348865,0.346099
MinorCPU,8,inactive,4,32kB,8,512kB,0.5059,933,967.2,True,0.30545,0.297204
MinorCPU,8,inactive,4,32kB,8,1MB,0.5059,934,1479.2,True,0.325958,0.320781
MinorCPU,8,inactive,4,32kB,8,2MB,0.5059,935,2503.2,False,0.348865,0.346098
MinorCPU,8,inactive,4,64kB,2,512kB,0.506019,936,997.6,True,0.306041,0.299233
MinorCPU,8,inactive,4,64kB,2,1MB,0.506019,937,1509.6,False,0.326461,0.322786
MinorCPU,8,inactive,4,64kB,2,2MB,0.506019,938,2533.6,False,0.348887,0.346099
MinorCPU,8,inactive,4,64kB,4,512kB,0.506041,939,999.2,True,0.306026,0.299414
MinorCPU,8,inactive,4,64kB,4,1MB,0.506041,940,1511.2,False,0.326409,0.322854
MinorCPU,8,inactive,4,64kB,4,2MB,0.506041,941,2535.2,False,0.348906,0.346478
MinorCPU,8,inactive,4,64kB,8,512kB,0.506041,942,1002.4,True,0.30596,0.298638
MinorCPU,8,inactive,4,64kB,8,1MB,0.506041,943,1514.4,False,0.326359,0.321954
MinorCPU,8,inactive,4,64kB,8,2MB,0.506041,944,2538.4,False,0.348906,0.346475
MinorCPU,8,inactive,8,16kB,2,512kB,0.5059,945,968.4,True,0.305218,0.297204
MinorCPU,8,inactive,8,16kB,2,1MB,0.5059,946,1480.4,True,0.32568,0.320733
MinorCPU,8,inactive,8,16kB,2,2MB,0.5059,947,2504.4,False,0.348865,0.346099
MinorCPU,8,inactive,8,16kB,4,512kB,0.5059,948,968.8,True,0.305211,0.296997
MinorCPU,8,inactive,8,16kB,4,1MB,0.5059,949,1480.8,True,0.325676,0.320499
MinorCPU,8,inactive,8,16kB,4,2MB,0.5059,950,2504.8,False,0.348865,0.346099
MinorCPU,8,inactive,8,16kB,8,512kB,0.5059,951,969.6,True,0.305211,0.296898
MinorCPU,8,inactive,8,16kB,8,1MB,0.5059,952,1481.6,True,0.325695,0.320376
MinorCPU,8,inactive,8,16kB,8,2MB,0.5059,953,2505.6,False,0.348865,0.346099
MinorCPU,8,inactive,8,32kB,2,512kB,0.5059,954,984.8,True,0.305531,0.297944
MinorCPU,8,inactive,8,32kB,2,1MB,0.5059,955,1496.8,True,0.325997,0.321636
MinorCPU,8,inactive,8,32kB,2,2MB,0.5059,956,2520.8,False,0.348865,0.346099
MinorCPU,8,inactive,8,32kB,4,512kB,0.5059,957,985.6,True,0.305468,0.297755
MinorCPU,8,inactive,8,32kB,4,1MB,0.5059,958,1497.6,True,0.325958,0.321286
MinorCPU,8,inactive,8,32kB,4,2MB,0.5059,959,2521.6,False,0.348865,0.346099
MinorCPU,8,inactive,8,32kB,8,512kB,0.5059,960,987.2,True,0.30545,0.297204
MinorCPU,8,inactive,8,32kB,8,1MB,0.5059,961,1499.2,True,0.325958,0.320781
MinorCPU,8,inactive,8,32kB,8,2MB,0.5059,962,2523.2,False,0.348865,0.346098
MinorCPU,8,inactive,8,64kB,2,512kB,0.506019,963,1017.6,True,0.306041,0.299233
MinorCPU,8,inactive,8,64kB,2,1MB,0.506019,964,1529.6,False,0.326461,0.322786
MinorCPU,8,inactive,8,64kB,2,2MB,0.506019,965,2553.6,False,0.348887,0.346099
MinorCPU,8,inactive,8,64kB,4,512kB,0.506041,966,1019.2,True,0.306026,0.299414
MinorCPU,8,inactive,8,64kB,4,1MB,0.506041,967,1531.2,False,0.326409,0.322854
MinorCPU,8,inactive,8,64kB,4,2MB,0.506041,968,2555.2,False,0.348906,0.346478
MinorCPU,8,inactive,8,64kB,8,512kB,0.506041,969,1022.4,True,0.30596,0.298638
MinorCPU,8,inactive,8,64kB,8,1MB,0.506041,970,1534.4,False,0.326359,0.321954
MinorCPU,8,inactive,8,64kB,8,2MB,0.506041,971,2558.4,False,0.348906,0.346475
