issue_width,rob_size,l1d_mshrs,l1d_size,l1d_assoc,has_l2,l2_size,ipc_compute,config_id,cost,is_feasible,ipc_latency,ipc_concurrency
2,32,2,16kB,2,True,512kB,0.886552,0,686.4,True,0.473365,0.52373
2,32,2,16kB,2,True,1MB,0.886552,1,1198.4,True,0.529719,0.569712
2,32,2,16kB,2,True,2MB,0.886552,2,2222.4,False,0.599599,0.620885
2,32,2,16kB,4,True,512kB,0.886728,3,686.8,True,0.473479,0.523238
2,32,2,16kB,4,True,1MB,0.886728,4,1198.8,True,0.529425,0.569863
2,32,2,16kB,4,True,2MB,0.886728,5,2222.8,False,0.599599,0.620996
2,32,2,16kB,8,True,512kB,0.886728,6,687.6,True,0.473415,0.523182
2,32,2,16kB,8,True,1MB,0.886728,7,1199.6,True,0.529448,0.569741
2,32,2,16kB,8,True,2MB,0.886728,8,2223.6,False,0.599599,0.620996
2,32,2,32kB,2,True,512kB,0.886728,9,702.8,True,0.474529,0.524976
2,32,2,32kB,2,True,1MB,0.886728,10,1214.8,True,0.530142,0.571645
2,32,2,32kB,2,True,2MB,0.886728,11,2238.8,False,0.599618,0.620996
2,32,2,32kB,4,True,512kB,0.886728,12,703.6,True,0.47458,0.524633
2,32,2,32kB,4,True,1MB,0.886728,13,1215.6,True,0.530204,0.571124
2,32,2,32kB,4,True,2MB,0.886728,14,2239.6,False,0.599616,0.620996
2,32,2,32kB,8,True,512kB,0.886728,15,705.2,True,0.474359,0.523818
2,32,2,32kB,8,True,1MB,0.886728,16,1217.2,True,0.530032,0.570638
2,32,2,32kB,8,True,2MB,0.886728,17,2241.2,False,0.599616,0.620996
2,32,2,64kB,2,True,512kB,0.886805,18,735.6,True,0.475924,0.528222
2,32,2,64kB,2,True,1MB,0.886805,19,1247.6,True,0.531799,0.57426
2,32,2,64kB,2,True,2MB,0.886805,20,2271.6,False,0.599662,0.620996
2,32,2,64kB,4,True,512kB,0.886805,21,737.2,True,0.475805,0.527794
2,32,2,64kB,4,True,1MB,0.886805,22,1249.2,True,0.531683,0.57381
2,32,2,64kB,4,True,2MB,0.886805,23,2273.2,False,0.599662,0.620996
2,32,2,64kB,8,True,512kB,0.886805,24,740.4,True,0.475524,0.526738
2,32,2,64kB,8,True,1MB,0.886805,25,1252.4,True,0.531639,0.572525
2,32,2,64kB,8,True,2MB,0.886805,26,2276.4,False,0.599662,0.621048
2,32,4,16kB,2,True,512kB,0.886728,27,696.4,True,0.473526,0.559413
2,32,4,16kB,2,True,1MB,0.886728,28,1208.4,True,0.529602,0.58741
2,32,4,16kB,2,True,2MB,0.886728,29,2232.4,False,0.599599,0.628043
2,32,4,16kB,4,True,512kB,0.886964,30,696.8,True,0.473784,0.560081
2,32,4,16kB,4,True,1MB,0.886964,31,1208.8,True,0.529657,0.587079
2,32,4,16kB,4,True,2MB,0.886964,32,2232.8,False,0.59968,0.628059
2,32,4,16kB,8,True,512kB,0.886964,33,697.6,True,0.473612,0.560015
2,32,4,16kB,8,True,1MB,0.886964,34,1209.6,True,0.529697,0.587101
2,32,4,16kB,8,True,2MB,0.886964,35,2233.6,False,0.59968,0.628059
2,32,4,32kB,2,True,512kB,0.886964,36,712.8,True,0.474689,0.560885
2,32,4,32kB,2,True,1MB,0.886964,37,1224.8,True,0.530371,0.588447
2,32,4,32kB,2,True,2MB,0.886964,38,2248.8,False,0.599683,0.628059
2,32,4,32kB,4,True,512kB,0.886964,39,713.6,True,0.474667,0.560723
2,32,4,32kB,4,True,1MB,0.886964,40,1225.6,True,0.530303,0.588137
2,32,4,32kB,4,True,2MB,0.886964,41,2249.6,False,0.599683,0.628059
2,32,4,32kB,8,True,512kB,0.886964,42,715.2,True,0.474635,0.560453
2,32,4,32kB,8,True,1MB,0.886964,43,1227.2,True,0.530311,0.588181
2,32,4,32kB,8,True,2MB,0.886964,44,2251.2,False,0.599683,0.628059
2,32,4,64kB,2,True,512kB,0.8871,45,745.6,True,0.47595,0.563066
2,32,4,64kB,2,True,1MB,0.8871,46,1257.6,True,0.531821,0.58967
2,32,4,64kB,2,True,2MB,0.8871,47,2281.6,False,0.599889,0.628081
2,32,4,64kB,4,True,512kB,0.8871,48,747.2,True,0.475819,0.562779
2,32,4,64kB,4,True,1MB,0.8871,49,1259.2,True,0.531705,0.589428
2,32,4,64kB,4,True,2MB,0.8871,50,2283.2,False,0.599885,0.628079
2,32,4,64kB,8,True,512kB,0.8871,51,750.4,True,0.475545,0.562265
2,32,4,64kB,8,True,1MB,0.8871,52,1262.4,True,0.531661,0.589191
2,32,4,64kB,8,True,2MB,0.8871,53,2286.4,False,0.599882,0.628108
2,32,8,16kB,2,True,512kB,0.886728,54,716.4,True,0.473526,0.568058
2,32,8,16kB,2,True,1MB,0.886728,55,1228.4,True,0.529602,0.587602
2,32,8,16kB,2,True,2MB,0.886728,56,2252.4,False,0.599599,0.628471
2,32,8,16kB,4,True,512kB,0.886964,57,716.8,True,0.473784,0.569425
2,32,8,16kB,4,True,1MB,0.886964,58,1228.8,True,0.529657,0.587079
2,32,8,16kB,4,True,2MB,0.886964,59,2252.8,False,0.59968,0.628508
2,32,8,16kB,8,True,512kB,0.886964,60,717.6,True,0.473612,0.56856
2,32,8,16kB,8,True,1MB,0.886964,61,1229.6,True,0.529697,0.587101
2,32,8,16kB,8,True,2MB,0.886964,62,2253.6,False,0.59968,0.628508
2,32,8,32kB,2,True,512kB,0.886964,63,732.8,True,0.474689,0.569403
2,32,8,32kB,2,True,1MB,0.886964,64,1244.8,True,0.530371,0.588446
2,32,8,32kB,2,True,2MB,0.886964,65,2268.8,False,0.599683,0.628508
2,32,8,32kB,4,True,512kB,0.886964,66,733.6,True,0.474667,0.569419
2,32,8,32kB,4,True,1MB,0.886964,67,1245.6,True,0.530303,0.588258
2,32,8,32kB,4,True,2MB,0.886964,68,2269.6,False,0.599683,0.628508
2,32,8,32kB,8,True,512kB,0.886964,69,735.2,True,0.474635,0.569363
2,32,8,32kB,8,True,1MB,0.886964,70,1247.2,True,0.530311,0.588088
2,32,8,32kB,8,True,2MB,0.886964,71,2271.2,False,0.599683,0.628508
2,32,8,64kB,2,True,512kB,0.8871,72,765.6,True,0.47595,0.571612
2,32,8,64kB,2,True,1MB,0.8871,73,1277.6,True,0.531821,0.589691
2,32,8,64kB,2,True,2MB,0.8871,74,2301.6,False,0.599889,0.628533
2,32,8,64kB,4,True,512kB,0.8871,75,767.2,True,0.475819,0.571794
2,32,8,64kB,4,True,1MB,0.8871,76,1279.2,True,0.531705,0.58965
2,32,8,64kB,4,True,2MB,0.8871,77,2303.2,False,0.599885,0.628533
2,32,8,64kB,8,True,512kB,0.8871,78,770.4,True,0.475545,0.57131
2,32,8,64kB,8,True,1MB,0.8871,79,1282.4,True,0.531661,0.589143
2,32,8,64kB,8,True,2MB,0.8871,80,2306.4,False,0.599882,0.628533
2,64,2,16kB,2,True,512kB,0.880377,81,734.4,True,0.475104,0.525437
2,64,2,16kB,2,True,1MB,0.880377,82,1246.4,True,0.531659,0.571991
2,64,2,16kB,2,True,2MB,0.880377,83,2270.4,False,0.602079,0.623587
2,64,2,16kB,4,True,512kB,0.880377,84,734.8,True,0.475104,0.525162
2,64,2,16kB,4,True,1MB,0.880377,85,1246.8,True,0.531699,0.57164
2,64,2,16kB,4,True,2MB,0.880377,86,2270.8,False,0.602079,0.623587
2,64,2,16kB,8,True,512kB,0.880377,87,735.6,True,0.47503,0.525145
2,64,2,16kB,8,True,1MB,0.880377,88,1247.6,True,0.531699,0.57155
2,64,2,16kB,8,True,2MB,0.880377,89,2271.6,False,0.602079,0.623587
2,64,2,32kB,2,True,512kB,0.880377,90,750.8,True,0.475963,0.527406
2,64,2,32kB,2,True,1MB,0.880377,91,1262.8,True,0.532449,0.574106
2,64,2,32kB,2,True,2MB,0.880377,92,2286.8,False,0.602082,0.623587
2,64,2,32kB,4,True,512kB,0.880377,93,751.6,True,0.47613,0.527109
2,64,2,32kB,4,True,1MB,0.880377,94,1263.6,True,0.53258,0.573646
2,64,2,32kB,4,True,2MB,0.880377,95,2287.6,False,0.602079,0.623587
2,64,2,32kB,8,True,512kB,0.880377,96,753.2,True,0.475963,0.526347
2,64,2,32kB,8,True,1MB,0.880377,97,1265.2,True,0.532374,0.573037
2,64,2,32kB,8,True,2MB,0.880377,98,2289.2,False,0.602079,0.623587
2,64,2,64kB,2,True,512kB,0.880482,99,783.6,True,0.477388,0.529982
2,64,2,64kB,2,True,1MB,0.880482,100,1295.6,True,0.533799,0.576565
2,64,2,64kB,2,True,2MB,0.880482,101,2319.6,False,0.602157,0.623587
2,64,2,64kB,4,True,512kB,0.880482,102,785.2,True,0.477238,0.529518
2,64,2,64kB,4,True,1MB,0.880482,103,1297.2,True,0.533584,0.575897
2,64,2,64kB,4,True,2MB,0.880482,104,2321.2,False,0.602155,0.623587
2,64,2,64kB,8,True,512kB,0.880482,105,788.4,True,0.477054,0.528469
2,64,2,64kB,8,True,1MB,0.880482,106,1300.4,True,0.533597,0.574822
2,64,2,64kB,8,True,2MB,0.880482,107,2324.4,False,0.602136,0.623651
2,64,4,16kB,2,True,512kB,0.880453,108,744.4,True,0.475139,0.56164
2,64,4,16kB,2,True,1MB,0.880453,109,1256.4,True,0.531717,0.589346
2,64,4,16kB,2,True,2MB,0.880453,110,2280.4,False,0.60211,0.630736
2,64,4,16kB,4,True,512kB,0.880501,111,744.8,True,0.475139,0.561557
2,64,4,16kB,4,True,1MB,0.880501,112,1256.8,True,0.531758,0.589339
2,64,4,16kB,4,True,2MB,0.880501,113,2280.8,False,0.60211,0.630736
2,64,4,16kB,8,True,512kB,0.880501,114,745.6,True,0.475065,0.56154
2,64,4,16kB,8,True,1MB,0.880501,115,1257.6,True,0.531758,0.589371
2,64,4,16kB,8,True,2MB,0.880501,116,2281.6,False,0.60211,0.630735
2,64,4,32kB,2,True,512kB,0.880501,117,760.8,True,0.476025,0.563473
2,64,4,32kB,2,True,1MB,0.880501,118,1272.8,True,0.532485,0.590753
2,64,4,32kB,2,True,2MB,0.880501,119,2296.8,False,0.602112,0.630736
2,64,4,32kB,4,True,512kB,0.8805,120,761.6,True,0.476167,0.563128
2,64,4,32kB,4,True,1MB,0.8805,121,1273.6,True,0.532645,0.590618
2,64,4,32kB,4,True,2MB,0.8805,122,2297.6,False,0.60211,0.630709
2,64,4,32kB,8,True,512kB,0.880501,123,763.2,True,0.476025,0.562935
2,64,4,32kB,8,True,1MB,0.880501,124,1275.2,True,0.532439,0.590608
2,64,4,32kB,8,True,2MB,0.880501,125,2299.2,False,0.60211,0.630734
2,64,4,64kB,2,True,512kB,0.880558,126,793.6,True,0.477416,0.565257
2,64,4,64kB,2,True,1MB,0.880558,127,1305.6,True,0.533858,0.592136
2,64,4,64kB,2,True,2MB,0.880558,128,2329.6,False,0.602188,0.630736
2,64,4,64kB,4,True,512kB,0.880558,129,795.2,True,0.47726,0.565116
2,64,4,64kB,4,True,1MB,0.880558,130,1307.2,True,0.533643,0.591886
2,64,4,64kB,4,True,2MB,0.880558,131,2331.2,False,0.602185,0.630736
2,64,4,64kB,8,True,512kB,0.880558,132,798.4,True,0.477094,0.56451
2,64,4,64kB,8,True,1MB,0.880558,133,1310.4,True,0.533656,0.591576
2,64,4,64kB,8,True,2MB,0.880558,134,2334.4,False,0.602166,0.630758
2,64,8,16kB,2,True,512kB,0.880453,135,764.4,True,0.475139,0.570093
2,64,8,16kB,2,True,1MB,0.880453,136,1276.4,True,0.531717,0.589435
2,64,8,16kB,2,True,2MB,0.880453,137,2300.4,False,0.60211,0.631168
2,64,8,16kB,4,True,512kB,0.880501,138,764.8,True,0.475139,0.570331
2,64,8,16kB,4,True,1MB,0.880501,139,1276.8,True,0.531758,0.589399
2,64,8,16kB,4,True,2MB,0.880501,140,2300.8,False,0.60211,0.631168
2,64,8,16kB,8,True,512kB,0.880501,141,765.6,True,0.475065,0.57019
2,64,8,16kB,8,True,1MB,0.880501,142,1277.6,True,0.531758,0.58947
2,64,8,16kB,8,True,2MB,0.880501,143,2301.6,False,0.60211,0.631168
2,64,8,32kB,2,True,512kB,0.880501,144,780.8,True,0.476025,0.57159
2,64,8,32kB,2,True,1MB,0.880501,145,1292.8,True,0.532485,0.590847
2,64,8,32kB,2,True,2MB,0.880501,146,2316.8,False,0.602112,0.631168
2,64,8,32kB,4,True,512kB,0.8805,147,781.6,True,0.476167,0.572816
2,64,8,32kB,4,True,1MB,0.8805,148,1293.6,True,0.532645,0.590771
2,64,8,32kB,4,True,2MB,0.8805,149,2317.6,False,0.60211,0.631168
2,64,8,32kB,8,True,512kB,0.880501,150,783.2,True,0.476025,0.571991
2,64,8,32kB,8,True,1MB,0.880501,151,1295.2,True,0.532439,0.590657
2,64,8,32kB,8,True,2MB,0.880501,152,2319.2,False,0.60211,0.631168
2,64,8,64kB,2,True,512kB,0.880558,153,813.6,True,0.477416,0.573542
2,64,8,64kB,2,True,1MB,0.880558,154,1325.6,True,0.533858,0.592156
2,64,8,64kB,2,True,2MB,0.880558,155,2349.6,False,0.602188,0.631168
2,64,8,64kB,4,True,512kB,0.880558,156,815.2,True,0.47726,0.574678
2,64,8,64kB,4,True,1MB,0.880558,157,1327.2,True,0.533643,0.592076
2,64,8,64kB,4,True,2MB,0.880558,158,2351.2,False,0.602185,0.631168
2,64,8,64kB,8,True,512kB,0.880558,159,818.4,True,0.477094,0.573557
2,64,8,64kB,8,True,1MB,0.880558,160,1330.4,True,0.533656,0.591691
2,64,8,64kB,8,True,2MB,0.880558,161,2354.4,False,0.602166,0.631168
2,128,2,16kB,2,True,512kB,0.864732,162,830.4,True,0.477299,0.528048
2,128,2,16kB,2,True,1MB,0.864732,163,1342.4,True,0.534106,0.57509
2,128,2,16kB,2,True,2MB,0.864732,164,2366.4,False,0.60562,0.627299
2,128,2,16kB,4,True,512kB,0.864736,165,830.8,True,0.477299,0.527908
2,128,2,16kB,4,True,1MB,0.864736,166,1342.8,True,0.534053,0.574877
2,128,2,16kB,4,True,2MB,0.864736,167,2366.8,False,0.60562,0.627297
2,128,2,16kB,8,True,512kB,0.864736,168,831.6,True,0.477266,0.527728
2,128,2,16kB,8,True,1MB,0.864736,169,1343.6,True,0.534074,0.574738
2,128,2,16kB,8,True,2MB,0.864736,170,2367.6,False,0.60562,0.627299
2,128,2,32kB,2,True,512kB,0.864736,171,846.8,True,0.47805,0.529298
2,128,2,32kB,2,True,1MB,0.864736,172,1358.8,True,0.534754,0.577282
2,128,2,32kB,2,True,2MB,0.864736,173,2382.8,False,0.605642,0.627299
2,128,2,32kB,4,True,512kB,0.864736,174,847.6,True,0.4781,0.528945
2,128,2,32kB,4,True,1MB,0.864736,175,1359.6,True,0.534867,0.576384
2,128,2,32kB,4,True,2MB,0.864736,176,2383.6,False,0.605638,0.627325
2,128,2,32kB,8,True,512kB,0.864736,177,849.2,True,0.477923,0.528284
2,128,2,32kB,8,True,1MB,0.864736,178,1361.2,True,0.534643,0.576012
2,128,2,32kB,8,True,2MB,0.864736,179,2385.2,False,0.605638,0.627309
2,128,2,64kB,2,True,512kB,0.864853,180,879.6,True,0.479716,0.532892
2,128,2,64kB,2,True,1MB,0.864853,181,1391.6,True,0.536518,0.579802
2,128,2,64kB,2,True,2MB,0.864853,182,2415.6,False,0.605685,0.627299
2,128,2,64kB,4,True,512kB,0.864856,183,881.2,True,0.479954,0.53234
2,128,2,64kB,4,True,1MB,0.864856,184,1393.2,True,0.536368,0.578976
2,128,2,64kB,4,True,2MB,0.864856,185,2417.2,False,0.605678,0.627371
2,128,2,64kB,8,True,512kB,0.864856,186,884.4,True,0.479563,0.531405
2,128,2,64kB,8,True,1MB,0.864856,187,1396.4,True,0.536302,0.577994
2,128,2,64kB,8,True,2MB,0.864856,188,2420.4,False,0.60569,0.627355
2,128,4,16kB,2,True,512kB,0.86513,189,840.4,True,0.477341,0.564946
2,128,4,16kB,2,True,1MB,0.86513,190,1352.4,True,0.534277,0.592047
2,128,4,16kB,2,True,2MB,0.86513,191,2376.4,False,0.605772,0.634504
2,128,4,16kB,4,True,512kB,0.865136,192,840.8,True,0.477341,0.564823
2,128,4,16kB,4,True,1MB,0.865136,193,1352.8,True,0.534284,0.592027
2,128,4,16kB,4,True,2MB,0.865136,194,2376.8,False,0.605772,0.634537
2,128,4,16kB,8,True,512kB,0.865136,195,841.6,True,0.477301,0.564775
2,128,4,16kB,8,True,1MB,0.865136,196,1353.6,True,0.534324,0.591888
2,128,4,16kB,8,True,2MB,0.865136,197,2377.6,False,0.605772,0.634537
2,128,4,32kB,2,True,512kB,0.865136,198,856.8,True,0.478037,0.566043
2,128,4,32kB,2,True,1MB,0.865136,199,1368.8,True,0.535422,0.592901
2,128,4,32kB,2,True,2MB,0.865136,200,2392.8,False,0.605789,0.634504
2,128,4,32kB,4,True,512kB,0.865136,201,857.6,True,0.478007,0.565761
2,128,4,32kB,4,True,1MB,0.865136,202,1369.6,True,0.535244,0.592673
2,128,4,32kB,4,True,2MB,0.865136,203,2393.6,False,0.605784,0.634504
2,128,4,32kB,8,True,512kB,0.865136,204,859.2,True,0.477921,0.565605
2,128,4,32kB,8,True,1MB,0.865136,205,1371.2,True,0.535164,0.592635
2,128,4,32kB,8,True,2MB,0.865136,206,2395.2,False,0.605784,0.634504
2,128,4,64kB,2,True,512kB,0.86525,207,889.6,True,0.479756,0.568491
2,128,4,64kB,2,True,1MB,0.86525,208,1401.6,True,0.536576,0.594877
2,128,4,64kB,2,True,2MB,0.86525,209,2425.6,False,0.605856,0.634635
2,128,4,64kB,4,True,512kB,0.86526,210,891.2,True,0.479815,0.56809
2,128,4,64kB,4,True,1MB,0.86526,211,1403.2,True,0.536424,0.594789
2,128,4,64kB,4,True,2MB,0.86526,212,2427.2,False,0.605826,0.634632
2,128,4,64kB,8,True,512kB,0.86526,213,894.4,True,0.479448,0.567649
2,128,4,64kB,8,True,1MB,0.86526,214,1406.4,True,0.536356,0.594194
2,128,4,64kB,8,True,2MB,0.86526,215,2430.4,False,0.605826,0.634637
2,128,8,16kB,2,True,512kB,0.865152,216,860.4,True,0.477347,0.57464
2,128,8,16kB,2,True,1MB,0.865152,217,1372.4,True,0.534283,0.592211
2,128,8,16kB,2,True,2MB,0.865152,218,2396.4,False,0.605781,0.635089
2,128,8,16kB,4,True,512kB,0.865156,219,860.8,True,0.477347,0.574779
2,128,8,16kB,4,True,1MB,0.865156,220,1372.8,True,0.53429,0.591959
2,128,8,16kB,4,True,2MB,0.865156,221,2396.8,False,0.605781,0.635085
2,128,8,16kB,8,True,512kB,0.865156,222,861.6,True,0.477306,0.573907
2,128,8,16kB,8,True,1MB,0.865156,223,1373.6,True,0.534331,0.592434
2,128,8,16kB,8,True,2MB,0.865156,224,2397.6,False,0.605781,0.635083
2,128,8,32kB,2,True,512kB,0.865156,225,876.8,True,0.478042,0.575017
2,128,8,32kB,2,True,1MB,0.865156,226,1388.8,True,0.535428,0.593046
2,128,8,32kB,2,True,2MB,0.865156,227,2412.8,False,0.605797,0.635099
2,128,8,32kB,4,True,512kB,0.865156,228,877.6,True,0.478013,0.575228
2,128,8,32kB,4,True,1MB,0.865156,229,1389.6,True,0.535259,0.592569
2,128,8,32kB,4,True,2MB,0.865156,230,2413.6,False,0.605793,0.635097
2,128,8,32kB,8,True,512kB,0.865156,231,879.2,True,0.477926,0.575109
2,128,8,32kB,8,True,1MB,0.865156,232,1391.2,True,0.53518,0.592642
2,128,8,32kB,8,True,2MB,0.865156,233,2415.2,False,0.605793,0.635089
2,128,8,64kB,2,True,512kB,0.865277,234,909.6,True,0.479762,0.577168
2,128,8,64kB,2,True,1MB,0.865277,235,1421.6,True,0.536583,0.595153
2,128,8,64kB,2,True,2MB,0.865277,236,2445.6,False,0.605865,0.635235
2,128,8,64kB,4,True,512kB,0.865275,237,911.2,True,0.47982,0.57708
2,128,8,64kB,4,True,1MB,0.865275,238,1423.2,True,0.536431,0.594849
2,128,8,64kB,4,True,2MB,0.865275,239,2447.2,False,0.605834,0.635235
2,128,8,64kB,8,True,512kB,0.865275,240,914.4,True,0.479453,0.577637
2,128,8,64kB,8,True,1MB,0.865275,241,1426.4,True,0.536363,0.594486
2,128,8,64kB,8,True,2MB,0.865275,242,2450.4,False,0.605834,0.635227
4,32,2,16kB,2,True,512kB,1.042244,243,786.4,True,0.47808,0.529489
4,32,2,16kB,2,True,1MB,1.042244,244,1298.4,True,0.535068,0.576542
4,32,2,16kB,2,True,2MB,1.042244,245,2322.4,False,0.607136,0.628709
4,32,2,16kB,4,True,512kB,1.042424,246,786.8,True,0.478019,0.529059
4,32,2,16kB,4,True,1MB,1.042424,247,1298.8,True,0.535142,0.575987
4,32,2,16kB,4,True,2MB,1.042424,248,2322.8,False,0.607136,0.628819
4,32,2,16kB,8,True,512kB,1.042424,249,787.6,True,0.478018,0.528935
4,32,2,16kB,8,True,1MB,1.042424,250,1299.6,True,0.535213,0.575927
4,32,2,16kB,8,True,2MB,1.042424,251,2323.6,False,0.607136,0.628819
4,32,2,32kB,2,True,512kB,1.042424,252,802.8,True,0.478413,0.531324
4,32,2,32kB,2,True,1MB,1.042424,253,1314.8,True,0.536156,0.577974
4,32,2,32kB,2,True,2MB,1.042424,254,2338.8,False,0.607152,0.628819
4,32,2,32kB,4,True,512kB,1.042424,255,803.6,True,0.478501,0.530932
4,32,2,32kB,4,True,1MB,1.042424,256,1315.6,True,0.536243,0.577527
4,32,2,32kB,4,True,2MB,1.042424,257,2339.6,False,0.607148,0.628819
4,32,2,32kB,8,True,512kB,1.042424,258,805.2,True,0.478386,0.53041
4,32,2,32kB,8,True,1MB,1.042424,259,1317.2,True,0.536204,0.57709
4,32,2,32kB,8,True,2MB,1.042424,260,2341.2,False,0.607148,0.628819
4,32,2,64kB,2,True,512kB,1.042511,261,835.6,True,0.480969,0.534177
4,32,2,64kB,2,True,1MB,1.042511,262,1347.6,True,0.537936,0.581188
4,32,2,64kB,2,True,2MB,1.042511,263,2371.6,False,0.607313,0.628819
4,32,2,64kB,4,True,512kB,1.042573,264,837.2,True,0.480776,0.533827
4,32,2,64kB,4,True,1MB,1.042573,265,1349.2,True,0.537859,0.580519
4,32,2,64kB,4,True,2MB,1.042573,266,2373.2,False,0.607306,0.628819
4,32,2,64kB,8,True,512kB,1.042573,267,840.4,True,0.480445,0.53284
4,32,2,64kB,8,True,1MB,1.042573,268,1352.4,True,0.537565,0.579716
4,32,2,64kB,8,True,2MB,1.042573,269,2376.4,False,0.607303,0.628819
4,32,4,16kB,2,True,512kB,1.042424,270,796.4,True,0.478106,0.565995
4,32,4,16kB,2,True,1MB,1.042424,271,1308.4,True,0.535213,0.594094
4,32,4,16kB,2,True,2MB,1.042424,272,2332.4,False,0.607137,0.636158
4,32,4,16kB,4,True,512kB,1.042424,273,796.8,True,0.478044,0.565888
4,32,4,16kB,4,True,1MB,1.042424,274,1308.8,True,0.535179,0.594086
4,32,4,16kB,4,True,2MB,1.042424,275,2332.8,False,0.607137,0.636158
4,32,4,16kB,8,True,512kB,1.042424,276,797.6,True,0.478044,0.565818
4,32,4,16kB,8,True,1MB,1.042424,277,1309.6,True,0.535244,0.593825
4,32,4,16kB,8,True,2MB,1.042424,278,2333.6,False,0.607137,0.636158
4,32,4,32kB,2,True,512kB,1.042424,279,812.8,True,0.478437,0.567599
4,32,4,32kB,2,True,1MB,1.042424,280,1324.8,True,0.536187,0.595083
4,32,4,32kB,2,True,2MB,1.042424,281,2348.8,False,0.607154,0.636158
4,32,4,32kB,4,True,512kB,1.042424,282,813.6,True,0.478526,0.567478
4,32,4,32kB,4,True,1MB,1.042424,283,1325.6,True,0.536272,0.594802
4,32,4,32kB,4,True,2MB,1.042424,284,2349.6,False,0.607149,0.636158
4,32,4,32kB,8,True,512kB,1.042424,285,815.2,True,0.47841,0.567177
4,32,4,32kB,8,True,1MB,1.042424,286,1327.2,True,0.536235,0.594894
4,32,4,32kB,8,True,2MB,1.042424,287,2351.2,False,0.607149,0.636158
4,32,4,64kB,2,True,512kB,1.042511,288,845.6,True,0.480997,0.570277
4,32,4,64kB,2,True,1MB,1.042511,289,1357.6,True,0.537968,0.597389
4,32,4,64kB,2,True,2MB,1.042511,290,2381.6,False,0.607314,0.636158
4,32,4,64kB,4,True,512kB,1.042573,291,847.2,True,0.480804,0.570083
4,32,4,64kB,4,True,1MB,1.042573,292,1359.2,True,0.537891,0.596941
4,32,4,64kB,4,True,2MB,1.042573,293,2383.2,False,0.607307,0.636156
4,32,4,64kB,8,True,512kB,1.042573,294,850.4,True,0.480458,0.569459
4,32,4,64kB,8,True,1MB,1.042573,295,1362.4,True,0.537597,0.596724
4,32,4,64kB,8,True,2MB,1.042573,296,2386.4,False,0.607305,0.636158
4,32,8,16kB,2,True,512kB,1.042424,297,816.4,True,0.478106,0.57478
4,32,8,16kB,2,True,1MB,1.042424,298,1328.4,True,0.535213,0.593996
4,32,8,16kB,2,True,2MB,1.042424,299,2352.4,False,0.607137,0.636489
4,32,8,16kB,4,True,512kB,1.042424,300,816.8,True,0.478044,0.574207
4,32,8,16kB,4,True,1MB,1.042424,301,1328.8,True,0.535179,0.594037
4,32,8,16kB,4,True,2MB,1.042424,302,2352.8,False,0.607137,0.636487
4,32,8,16kB,8,True,512kB,1.042424,303,817.6,True,0.478044,0.574773
4,32,8,16kB,8,True,1MB,1.042424,304,1329.6,True,0.535244,0.593978
4,32,8,16kB,8,True,2MB,1.042424,305,2353.6,False,0.607137,0.636484
4,32,8,32kB,2,True,512kB,1.042424,306,832.8,True,0.478437,0.57654
4,32,8,32kB,2,True,1MB,1.042424,307,1344.8,True,0.536187,0.595143
4,32,8,32kB,2,True,2MB,1.042424,308,2368.8,False,0.607154,0.63649
4,32,8,32kB,4,True,512kB,1.042424,309,833.6,True,0.478526,0.576641
4,32,8,32kB,4,True,1MB,1.042424,310,1345.6,True,0.536272,0.595013
4,32,8,32kB,4,True,2MB,1.042424,311,2369.6,False,0.607149,0.63649
4,32,8,32kB,8,True,512kB,1.042424,312,835.2,True,0.47841,0.57673
4,32,8,32kB,8,True,1MB,1.042424,313,1347.2,True,0.536235,0.594804
4,32,8,32kB,8,True,2MB,1.042424,314,2371.2,False,0.607149,0.63649
4,32,8,64kB,2,True,512kB,1.042511,315,865.6,True,0.480997,0.580486
4,32,8,64kB,2,True,1MB,1.042511,316,1377.6,True,0.537968,0.597248
4,32,8,64kB,2,True,2MB,1.042511,317,2401.6,False,0.607314,0.636511
4,32,8,64kB,4,True,512kB,1.042573,318,867.2,True,0.480804,0.578795
4,32,8,64kB,4,True,1MB,1.042573,319,1379.2,True,0.537891,0.59716
4,32,8,64kB,4,True,2MB,1.042573,320,2403.2,False,0.607307,0.636511
4,32,8,64kB,8,True,512kB,1.042573,321,870.4,True,0.480458,0.578728
4,32,8,64kB,8,True,1MB,1.042573,322,1382.4,True,0.537597,0.596722
4,32,8,64kB,8,True,2MB,1.042573,323,2406.4,False,0.607305,0.636511
4,64,2,16kB,2,True,512kB,1.0518,324,834.4,True,0.479898,0.531322
4,64,2,16kB,2,True,1MB,1.0518,325,1346.4,True,0.537653,0.57857
4,64,2,16kB,2,True,2MB,1.0518,326,2370.4,False,0.609916,0.631605
4,64,2,16kB,4,True,512kB,1.051877,327,834.8,True,0.479812,0.531057
4,64,2,16kB,4,True,1MB,1.051877,328,1346.8,True,0.537745,0.578329
4,64,2,16kB,4,True,2MB,1.051877,329,2370.8,False,0.609916,0.631605
4,64,2,16kB,8,True,512kB,1.052753,330,835.6,True,0.480083,0.531298
4,64,2,16kB,8,True,1MB,1.052753,331,1347.6,True,0.537507,0.578732
4,64,2,16kB,8,True,2MB,1.052753,332,2371.6,False,0.609958,0.631718
4,64,2,32kB,2,True,512kB,1.052753,333,850.8,True,0.480841,0.533468
4,64,2,32kB,2,True,1MB,1.052753,334,1362.8,True,0.538247,0.580605
4,64,2,32kB,2,True,2MB,1.052753,335,2386.8,False,0.609974,0.631718
4,64,2,32kB,4,True,512kB,1.052752,336,851.6,True,0.481078,0.53303
4,64,2,32kB,4,True,1MB,1.052752,337,1363.6,True,0.538228,0.580324
4,64,2,32kB,4,True,2MB,1.052752,338,2387.6,False,0.60997,0.631718
4,64,2,32kB,8,True,512kB,1.052753,339,853.2,True,0.480989,0.532363
4,64,2,32kB,8,True,1MB,1.052753,340,1365.2,True,0.538075,0.57977
4,64,2,32kB,8,True,2MB,1.052753,341,2389.2,False,0.60997,0.631718
4,64,2,64kB,2,True,512kB,1.05288,342,883.6,True,0.48293,0.535724
4,64,2,64kB,2,True,1MB,1.05288,343,1395.6,True,0.540022,0.5834
4,64,2,64kB,2,True,2MB,1.05288,344,2419.6,False,0.61003,0.631718
4,64,2,64kB,4,True,512kB,1.052887,345,885.2,True,0.482919,0.535614
4,64,2,64kB,4,True,1MB,1.052887,346,1397.2,True,0.539997,0.58286
4,64,2,64kB,4,True,2MB,1.052887,347,2421.2,False,0.610024,0.631718
4,64,2,64kB,8,True,512kB,1.052887,348,888.4,True,0.482518,0.534593
4,64,2,64kB,8,True,1MB,1.052887,349,1400.4,True,0.539878,0.581753
4,64,2,64kB,8,True,2MB,1.052887,350,2424.4,False,0.610022,0.631718
4,64,4,16kB,2,True,512kB,1.052857,351,844.4,True,0.48017,0.568665
4,64,4,16kB,2,True,1MB,1.052857,352,1356.4,True,0.537523,0.597156
4,64,4,16kB,2,True,2MB,1.052857,353,2380.4,False,0.609975,0.639025
4,64,4,16kB,4,True,512kB,1.052866,354,844.8,True,0.48017,0.568638
4,64,4,16kB,4,True,1MB,1.052866,355,1356.8,True,0.53734,0.597051
4,64,4,16kB,4,True,2MB,1.052866,356,2380.8,False,0.609975,0.639024
4,64,4,16kB,8,True,512kB,1.052866,357,845.6,True,0.480113,0.56858
4,64,4,16kB,8,True,1MB,1.052866,358,1357.6,True,0.537558,0.597091
4,64,4,16kB,8,True,2MB,1.052866,359,2381.6,False,0.609975,0.639026
4,64,4,32kB,2,True,512kB,1.052866,360,860.8,True,0.480868,0.570182
4,64,4,32kB,2,True,1MB,1.052866,361,1372.8,True,0.538295,0.598036
4,64,4,32kB,2,True,2MB,1.052866,362,2396.8,False,0.609992,0.639025
4,64,4,32kB,4,True,512kB,1.052865,363,861.6,True,0.481108,0.569815
4,64,4,32kB,4,True,1MB,1.052865,364,1373.6,True,0.538276,0.59774
4,64,4,32kB,4,True,2MB,1.052865,365,2397.6,False,0.609987,0.639029
4,64,4,32kB,8,True,512kB,1.052866,366,863.2,True,0.48102,0.569649
4,64,4,32kB,8,True,1MB,1.052866,367,1375.2,True,0.538111,0.597686
4,64,4,32kB,8,True,2MB,1.052866,368,2399.2,False,0.609987,0.639026
4,64,4,64kB,2,True,512kB,1.052992,369,893.6,True,0.482959,0.572317
4,64,4,64kB,2,True,1MB,1.052992,370,1405.6,True,0.540073,0.59979
4,64,4,64kB,2,True,2MB,1.052992,371,2429.6,False,0.610047,0.639025
4,64,4,64kB,4,True,512kB,1.053,372,895.2,True,0.482948,0.571901
4,64,4,64kB,4,True,1MB,1.053,373,1407.2,True,0.540048,0.599363
4,64,4,64kB,4,True,2MB,1.053,374,2431.2,False,0.610041,0.639043
4,64,4,64kB,8,True,512kB,1.053,375,898.4,True,0.482619,0.571417
4,64,4,64kB,8,True,1MB,1.053,376,1410.4,True,0.539929,0.598975
4,64,4,64kB,8,True,2MB,1.053,377,2434.4,False,0.610039,0.639029
4,64,8,16kB,2,True,512kB,1.052857,378,864.4,True,0.480172,0.577794
4,64,8,16kB,2,True,1MB,1.052857,379,1376.4,True,0.537523,0.597209
4,64,8,16kB,2,True,2MB,1.052857,380,2400.4,False,0.609975,0.639501
4,64,8,16kB,4,True,512kB,1.052866,381,864.8,True,0.480172,0.577922
4,64,8,16kB,4,True,1MB,1.052866,382,1376.8,True,0.53734,0.597051
4,64,8,16kB,4,True,2MB,1.052866,383,2400.8,False,0.609975,0.639501
4,64,8,16kB,8,True,512kB,1.052866,384,865.6,True,0.480113,0.578236
4,64,8,16kB,8,True,1MB,1.052866,385,1377.6,True,0.537558,0.597141
4,64,8,16kB,8,True,2MB,1.052866,386,2401.6,False,0.609975,0.639501
4,64,8,32kB,2,True,512kB,1.052866,387,880.8,True,0.480868,0.579679
4,64,8,32kB,2,True,1MB,1.052866,388,1392.8,True,0.538295,0.597881
4,64,8,32kB,2,True,2MB,1.052866,389,2416.8,False,0.609992,0.639501
4,64,8,32kB,4,True,512kB,1.052865,390,881.6,True,0.481108,0.578998
4,64,8,32kB,4,True,1MB,1.052865,391,1393.6,True,0.538276,0.597783
4,64,8,32kB,4,True,2MB,1.052865,392,2417.6,False,0.609987,0.639501
4,64,8,32kB,8,True,512kB,1.052866,393,883.2,True,0.48102,0.579583
4,64,8,32kB,8,True,1MB,1.052866,394,1395.2,True,0.538111,0.597589
4,64,8,32kB,8,True,2MB,1.052866,395,2419.2,False,0.609987,0.639501
4,64,8,64kB,2,True,512kB,1.052992,396,913.6,True,0.482959,0.580258
4,64,8,64kB,2,True,1MB,1.052992,397,1425.6,True,0.540073,0.59974
4,64,8,64kB,2,True,2MB,1.052992,398,2449.6,False,0.610047,0.639501
4,64,8,64kB,4,True,512kB,1.053,399,915.2,True,0.482948,0.580248
4,64,8,64kB,4,True,1MB,1.053,400,1427.2,True,0.540048,0.599562
4,64,8,64kB,4,True,2MB,1.053,401,2451.2,False,0.610041,0.639529
4,64,8,64kB,8,True,512kB,1.053,402,918.4,True,0.482619,0.581776
4,64,8,64kB,8,True,1MB,1.053,403,1430.4,True,0.539929,0.59912
4,64,8,64kB,8,True,2MB,1.053,404,2454.4,False,0.610039,0.639501
4,128,2,16kB,2,True,512kB,1.060022,405,930.4,True,0.48157,0.533221
4,128,2,16kB,2,True,1MB,1.060022,406,1442.4,True,0.53938,0.580798
4,128,2,16kB,2,True,2MB,1.060022,407,2466.4,False,0.612311,0.63404
4,128,2,16kB,4,True,512kB,1.060354,408,930.8,True,0.481561,0.532935
4,128,2,16kB,4,True,1MB,1.060354,409,1442.8,True,0.53963,0.580863
4,128,2,16kB,4,True,2MB,1.060354,410,2466.8,False,0.612443,0.63421
4,128,2,16kB,8,True,512kB,1.060353,411,931.6,True,0.481428,0.532863
4,128,2,16kB,8,True,1MB,1.060353,412,1443.6,True,0.539717,0.580675
4,128,2,16kB,8,True,2MB,1.060353,413,2467.6,False,0.612443,0.63421
4,128,2,32kB,2,True,512kB,1.060353,414,946.8,True,0.482341,0.535008
4,128,2,32kB,2,True,1MB,1.060353,415,1458.8,True,0.540131,0.582598
4,128,2,32kB,2,True,2MB,1.060353,416,2482.8,False,0.612459,0.63421
4,128,2,32kB,4,True,512kB,1.060352,417,947.6,True,0.482279,0.534647
4,128,2,32kB,4,True,1MB,1.060352,418,1459.6,True,0.540204,0.582126
4,128,2,32kB,4,True,2MB,1.060352,419,2483.6,False,0.612455,0.63421
4,128,2,32kB,8,True,512kB,1.060353,420,949.2,True,0.482226,0.533952
4,128,2,32kB,8,True,1MB,1.060353,421,1461.2,True,0.540036,0.581535
4,128,2,32kB,8,True,2MB,1.060353,422,2485.2,False,0.612455,0.63421
4,128,2,64kB,2,True,512kB,1.060455,423,979.6,True,0.483898,0.537913
4,128,2,64kB,2,True,1MB,1.060455,424,1491.6,True,0.542195,0.585452
4,128,2,64kB,2,True,2MB,1.060455,425,2515.6,False,0.612516,0.63421
4,128,2,64kB,4,True,512kB,1.060455,426,981.2,True,0.483784,0.537453
4,128,2,64kB,4,True,1MB,1.060455,427,1493.2,True,0.541996,0.585056
4,128,2,64kB,4,True,2MB,1.060455,428,2517.2,False,0.612509,0.63421
4,128,2,64kB,8,True,512kB,1.060455,429,984.4,True,0.48347,0.5366
4,128,2,64kB,8,True,1MB,1.060455,430,1496.4,True,0.541766,0.583671
4,128,2,64kB,8,True,2MB,1.060455,431,2520.4,False,0.612507,0.63421
4,128,4,16kB,2,True,512kB,1.060901,432,940.4,True,0.481461,0.570785
4,128,4,16kB,2,True,1MB,1.060901,433,1452.4,True,0.539211,0.598623
4,128,4,16kB,2,True,2MB,1.060901,434,2476.4,False,0.612541,0.641838
4,128,4,16kB,4,True,512kB,1.060909,435,940.8,True,0.481409,0.570696
4,128,4,16kB,4,True,1MB,1.060909,436,1452.8,True,0.53938,0.598616
4,128,4,16kB,4,True,2MB,1.060909,437,2476.8,False,0.612541,0.641837
4,128,4,16kB,8,True,512kB,1.060904,438,941.6,True,0.481377,0.570668
4,128,4,16kB,8,True,1MB,1.060904,439,1453.6,True,0.539347,0.598654
4,128,4,16kB,8,True,2MB,1.060904,440,2477.6,False,0.612541,0.641837
4,128,4,32kB,2,True,512kB,1.060904,441,956.8,True,0.482686,0.571963
4,128,4,32kB,2,True,1MB,1.060904,442,1468.8,True,0.540292,0.599341
4,128,4,32kB,2,True,2MB,1.060904,443,2492.8,False,0.612558,0.641838
4,128,4,32kB,4,True,512kB,1.060903,444,957.6,True,0.482722,0.571662
4,128,4,32kB,4,True,1MB,1.060903,445,1469.6,True,0.540267,0.599237
4,128,4,32kB,4,True,2MB,1.060903,446,2493.6,False,0.612553,0.64183
4,128,4,32kB,8,True,512kB,1.060904,447,959.2,True,0.482518,0.571496
4,128,4,32kB,8,True,1MB,1.060904,448,1471.2,True,0.540201,0.599106
4,128,4,32kB,8,True,2MB,1.060904,449,2495.2,False,0.612553,0.641816
4,128,4,64kB,2,True,512kB,1.061016,450,989.6,True,0.484424,0.57416
4,128,4,64kB,2,True,1MB,1.061016,451,1501.6,False,0.542386,0.601523
4,128,4,64kB,2,True,2MB,1.061016,452,2525.6,False,0.612615,0.641838
4,128,4,64kB,4,True,512kB,1.061016,453,991.2,True,0.484557,0.573898
4,128,4,64kB,4,True,1MB,1.061016,454,1503.2,False,0.54244,0.60126
4,128,4,64kB,4,True,2MB,1.061016,455,2527.2,False,0.612608,0.641817
4,128,4,64kB,8,True,512kB,1.061016,456,994.4,True,0.484252,0.57331
4,128,4,64kB,8,True,1MB,1.061016,457,1506.4,False,0.542148,0.600992
4,128,4,64kB,8,True,2MB,1.061016,458,2530.4,False,0.612606,0.641827
4,128,8,16kB,2,True,512kB,1.060918,459,960.4,True,0.481469,0.579543
4,128,8,16kB,2,True,1MB,1.060918,460,1472.4,True,0.539216,0.59889
4,128,8,16kB,2,True,2MB,1.060918,461,2496.4,False,0.612554,0.642186
4,128,8,16kB,4,True,512kB,1.060918,462,960.8,True,0.481416,0.579224
4,128,8,16kB,4,True,1MB,1.060918,463,1472.8,True,0.53938,0.598909
4,128,8,16kB,4,True,2MB,1.060918,464,2496.8,False,0.612554,0.642184
4,128,8,16kB,8,True,512kB,1.060918,465,961.6,True,0.481384,0.578885
4,128,8,16kB,8,True,1MB,1.060918,466,1473.6,True,0.539362,0.598666
4,128,8,16kB,8,True,2MB,1.060918,467,2497.6,False,0.612554,0.642183
4,128,8,32kB,2,True,512kB,1.060918,468,976.8,True,0.482694,0.581328
4,128,8,32kB,2,True,1MB,1.060918,469,1488.8,True,0.540301,0.599535
4,128,8,32kB,2,True,2MB,1.060918,470,2512.8,False,0.61257,0.642186
4,128,8,32kB,4,True,512kB,1.060918,471,977.6,True,0.48273,0.581119
4,128,8,32kB,4,True,1MB,1.060918,472,1489.6,True,0.540277,0.599388
4,128,8,32kB,4,True,2MB,1.060918,473,2513.6,False,0.612566,0.642186
4,128,8,32kB,8,True,512kB,1.060918,474,979.2,True,0.482599,0.58015
4,128,8,32kB,8,True,1MB,1.060918,475,1491.2,True,0.54021,0.599279
4,128,8,32kB,8,True,2MB,1.060918,476,2515.2,False,0.612566,0.642186
4,128,8,64kB,2,True,512kB,1.061093,477,1009.6,True,0.484431,0.583293
4,128,8,64kB,2,True,1MB,1.061093,478,1521.6,False,0.542396,0.601576
4,128,8,64kB,2,True,2MB,1.061093,479,2545.6,False,0.612627,0.642203
4,128,8,64kB,4,True,512kB,1.061095,480,1011.2,True,0.484565,0.582329
4,128,8,64kB,4,True,1MB,1.061095,481,1523.2,False,0.54245,0.601413
4,128,8,64kB,4,True,2MB,1.061095,482,2547.2,False,0.61262,0.642203
4,128,8,64kB,8,True,512kB,1.061095,483,1014.4,True,0.48426,0.583541
4,128,8,64kB,8,True,1MB,1.061095,484,1526.4,False,0.542158,0.600875
4,128,8,64kB,8,True,2MB,1.061095,485,2550.4,False,0.612618,0.642199
8,32,2,16kB,2,True,512kB,1.048043,486,986.4,True,0.479716,0.530682
8,32,2,16kB,2,True,1MB,1.048043,487,1498.4,True,0.536717,0.578019
8,32,2,16kB,2,True,2MB,1.048043,488,2522.4,False,0.608623,0.630582
8,32,2,16kB,4,True,512kB,1.048445,489,986.8,True,0.479068,0.531034
8,32,2,16kB,4,True,1MB,1.048445,490,1498.8,True,0.536633,0.577899
8,32,2,16kB,4,True,2MB,1.048445,491,2522.8,False,0.608772,0.630653
8,32,2,16kB,8,True,512kB,1.048445,492,987.6,True,0.479068,0.530947
8,32,2,16kB,8,True,1MB,1.048445,493,1499.6,True,0.536578,0.577774
8,32,2,16kB,8,True,2MB,1.048445,494,2523.6,False,0.608772,0.63065
8,32,2,32kB,2,True,512kB,1.048445,495,1002.8,True,0.48043,0.53185
8,32,2,32kB,2,True,1MB,1.048445,496,1514.8,False,0.537531,0.579417
8,32,2,32kB,2,True,2MB,1.048445,497,2538.8,False,0.608791,0.630653
8,32,2,32kB,4,True,512kB,1.048444,498,1003.6,True,0.480461,0.53139
8,32,2,32kB,4,True,1MB,1.048444,499,1515.6,False,0.53766,0.578705
8,32,2,32kB,4,True,2MB,1.048444,500,2539.6,False,0.608791,0.630653
8,32,2,32kB,8,True,512kB,1.048445,501,1005.2,True,0.480505,0.530947
8,32,2,32kB,8,True,1MB,1.048445,502,1517.2,False,0.537545,0.578441
8,32,2,32kB,8,True,2MB,1.048445,503,2541.2,False,0.608791,0.630653
8,32,2,64kB,2,True,512kB,1.048542,504,1035.6,True,0.481948,0.535203
8,32,2,64kB,2,True,1MB,1.048542,505,1547.6,False,0.538984,0.582487
8,32,2,64kB,2,True,2MB,1.048542,506,2571.6,False,0.608966,0.63071
8,32,2,64kB,4,True,512kB,1.048542,507,1037.2,True,0.481939,0.534668
8,32,2,64kB,4,True,1MB,1.048542,508,1549.2,False,0.538906,0.581731
8,32,2,64kB,4,True,2MB,1.048542,509,2573.2,False,0.608959,0.63071
8,32,2,64kB,8,True,512kB,1.048542,510,1040.4,True,0.481546,0.533625
8,32,2,64kB,8,True,1MB,1.048542,511,1552.4,False,0.538614,0.580688
8,32,2,64kB,8,True,2MB,1.048542,512,2576.4,False,0.608957,0.63071
8,32,4,16kB,2,True,512kB,1.048105,513,996.4,True,0.479989,0.567524
8,32,4,16kB,2,True,1MB,1.048105,514,1508.4,False,0.536594,0.595562
8,32,4,16kB,2,True,2MB,1.048105,515,2532.4,False,0.608772,0.63786
8,32,4,16kB,4,True,512kB,1.048703,516,996.8,True,0.479758,0.567295
8,32,4,16kB,4,True,1MB,1.048703,517,1508.8,False,0.536666,0.595694
8,32,4,16kB,4,True,2MB,1.048703,518,2532.8,False,0.60902,0.638089
8,32,4,16kB,8,True,512kB,1.048773,519,997.6,True,0.479195,0.567266
8,32,4,16kB,8,True,1MB,1.048773,520,1509.6,False,0.536718,0.595974
8,32,4,16kB,8,True,2MB,1.048773,521,2533.6,False,0.60902,0.638092
8,32,4,32kB,2,True,512kB,1.048773,522,1012.8,True,0.480461,0.569043
8,32,4,32kB,2,True,1MB,1.048773,523,1524.8,False,0.537692,0.59706
8,32,4,32kB,2,True,2MB,1.048773,524,2548.8,False,0.609037,0.638091
8,32,4,32kB,4,True,512kB,1.048773,525,1013.6,True,0.480479,0.568834
8,32,4,32kB,4,True,1MB,1.048773,526,1525.6,False,0.537692,0.596842
8,32,4,32kB,4,True,2MB,1.048773,527,2549.6,False,0.609032,0.638082
8,32,4,32kB,8,True,512kB,1.048773,528,1015.2,True,0.480523,0.568637
8,32,4,32kB,8,True,1MB,1.048773,529,1527.2,False,0.537649,0.596854
8,32,4,32kB,8,True,2MB,1.048773,530,2551.2,False,0.609032,0.638092
8,32,4,64kB,2,True,512kB,1.048975,531,1045.6,True,0.481885,0.571297
8,32,4,64kB,2,True,1MB,1.048975,532,1557.6,False,0.539153,0.598668
8,32,4,64kB,2,True,2MB,1.048975,533,2581.6,False,0.609093,0.638226
8,32,4,64kB,4,True,512kB,1.048975,534,1047.2,True,0.481762,0.570991
8,32,4,64kB,4,True,1MB,1.048975,535,1559.2,False,0.538978,0.59841
8,32,4,64kB,4,True,2MB,1.048975,536,2583.2,False,0.609086,0.638206
8,32,4,64kB,8,True,512kB,1.048975,537,1050.4,True,0.481516,0.570576
8,32,4,64kB,8,True,1MB,1.048975,538,1562.4,False,0.538802,0.597975
8,32,4,64kB,8,True,2MB,1.048975,539,2586.4,False,0.609084,0.638236
8,32,8,16kB,2,True,512kB,1.048105,540,1016.4,True,0.479989,0.577098
8,32,8,16kB,2,True,1MB,1.048105,541,1528.4,False,0.536594,0.595536
8,32,8,16kB,2,True,2MB,1.048105,542,2552.4,False,0.608772,0.638303
8,32,8,16kB,4,True,512kB,1.048703,543,1016.8,True,0.479758,0.577253
8,32,8,16kB,4,True,1MB,1.048703,544,1528.8,False,0.536666,0.595994
8,32,8,16kB,4,True,2MB,1.048703,545,2552.8,False,0.60902,0.638531
8,32,8,16kB,8,True,512kB,1.048773,546,1017.6,True,0.479195,0.575474
8,32,8,16kB,8,True,1MB,1.048773,547,1529.6,False,0.536718,0.596127
8,32,8,16kB,8,True,2MB,1.048773,548,2553.6,False,0.60902,0.63853
8,32,8,32kB,2,True,512kB,1.048773,549,1032.8,True,0.480461,0.578309
8,32,8,32kB,2,True,1MB,1.048773,550,1544.8,False,0.537692,0.597081
8,32,8,32kB,2,True,2MB,1.048773,551,2568.8,False,0.609037,0.638547
8,32,8,32kB,4,True,512kB,1.048773,552,1033.6,True,0.480479,0.578132
8,32,8,32kB,4,True,1MB,1.048773,553,1545.6,False,0.537692,0.596996
8,32,8,32kB,4,True,2MB,1.048773,554,2569.6,False,0.609032,0.638543
8,32,8,32kB,8,True,512kB,1.048773,555,1035.2,True,0.480523,0.578132
8,32,8,32kB,8,True,1MB,1.048773,556,1547.2,False,0.537649,0.596864
8,32,8,32kB,8,True,2MB,1.048773,557,2571.2,False,0.609032,0.638536
8,32,8,64kB,2,True,512kB,1.048975,558,1065.6,True,0.481885,0.580222
8,32,8,64kB,2,True,1MB,1.048975,559,1577.6,False,0.539153,0.598666
8,32,8,64kB,2,True,2MB,1.048975,560,2601.6,False,0.609093,0.638701
8,32,8,64kB,4,True,512kB,1.048975,561,1067.2,True,0.481762,0.579421
8,32,8,64kB,4,True,1MB,1.048975,562,1579.2,False,0.538978,0.598446
8,32,8,64kB,4,True,2MB,1.048975,563,2603.2,False,0.609086,0.638701
8,32,8,64kB,8,True,512kB,1.048975,564,1070.4,True,0.481516,0.579897
8,32,8,64kB,8,True,1MB,1.048975,565,1582.4,False,0.538802,0.598022
8,32,8,64kB,8,True,2MB,1.048975,566,2606.4,False,0.609084,0.638694
8,64,2,16kB,2,True,512kB,1.065878,567,1034.4,True,0.482029,0.534438
8,64,2,16kB,2,True,1MB,1.065878,568,1546.4,False,0.540337,0.582233
8,64,2,16kB,2,True,2MB,1.065878,569,2570.4,False,0.613619,0.635906
8,64,2,16kB,4,True,512kB,1.066009,570,1034.8,True,0.482482,0.534152
8,64,2,16kB,4,True,1MB,1.066009,571,1546.8,False,0.540473,0.581921
8,64,2,16kB,4,True,2MB,1.066009,572,2570.8,False,0.613749,0.635906
8,64,2,16kB,8,True,512kB,1.066131,573,1035.6,True,0.482396,0.534152
8,64,2,16kB,8,True,1MB,1.066131,574,1547.6,False,0.540529,0.582127
8,64,2,16kB,8,True,2MB,1.066131,575,2571.6,False,0.613749,0.636023
8,64,2,32kB,2,True,512kB,1.066131,576,1050.8,True,0.482948,0.536388
8,64,2,32kB,2,True,1MB,1.066131,577,1562.8,False,0.541344,0.584104
8,64,2,32kB,2,True,2MB,1.066131,578,2586.8,False,0.613759,0.636023
8,64,2,32kB,4,True,512kB,1.066131,579,1051.6,True,0.482948,0.535852
8,64,2,32kB,4,True,1MB,1.066131,580,1563.6,False,0.541282,0.583599
8,64,2,32kB,4,True,2MB,1.066131,581,2587.6,False,0.613759,0.636023
8,64,2,32kB,8,True,512kB,1.066131,582,1053.2,True,0.482858,0.535342
8,64,2,32kB,8,True,1MB,1.066131,583,1565.2,False,0.541188,0.583186
8,64,2,32kB,8,True,2MB,1.066131,584,2589.2,False,0.613759,0.636025
8,64,2,64kB,2,True,512kB,1.066258,585,1083.6,True,0.485095,0.538815
8,64,2,64kB,2,True,1MB,1.066258,586,1595.6,False,0.542757,0.586591
8,64,2,64kB,2,True,2MB,1.066258,587,2619.6,False,0.613821,0.636023
8,64,2,64kB,4,True,512kB,1.066258,588,1085.2,True,0.485138,0.538471
8,64,2,64kB,4,True,1MB,1.066258,589,1597.2,False,0.542757,0.585907
8,64,2,64kB,4,True,2MB,1.066258,590,2621.2,False,0.613938,0.636023
8,64,2,64kB,8,True,512kB,1.066258,591,1088.4,True,0.484883,0.537509
8,64,2,64kB,8,True,1MB,1.066258,592,1600.4,False,0.542811,0.585017
8,64,2,64kB,8,True,2MB,1.066258,593,2624.4,False,0.613938,0.63603
8,64,4,16kB,2,True,512kB,1.066246,594,1044.4,True,0.482494,0.571986
8,64,4,16kB,2,True,1MB,1.066246,595,1556.4,False,0.540586,0.600524
8,64,4,16kB,2,True,2MB,1.066246,596,2580.4,False,0.613777,0.643318
8,64,4,16kB,4,True,512kB,1.066292,597,1044.8,True,0.482607,0.571697
8,64,4,16kB,4,True,1MB,1.066292,598,1556.8,False,0.540855,0.600622
8,64,4,16kB,4,True,2MB,1.066292,599,2580.8,False,0.613918,0.643318
8,64,4,16kB,8,True,512kB,1.066246,600,1045.6,True,0.482443,0.571686
8,64,4,16kB,8,True,1MB,1.066246,601,1557.6,False,0.540781,0.600641
8,64,4,16kB,8,True,2MB,1.066246,602,2581.6,False,0.613918,0.643318
8,64,4,32kB,2,True,512kB,1.066246,603,1060.8,True,0.483354,0.572828
8,64,4,32kB,2,True,1MB,1.066246,604,1572.8,False,0.541577,0.601847
8,64,4,32kB,2,True,2MB,1.066246,605,2596.8,False,0.613935,0.643318
8,64,4,32kB,4,True,512kB,1.066246,606,1061.6,True,0.483429,0.572563
8,64,4,32kB,4,True,1MB,1.066246,607,1573.6,False,0.541598,0.601684
8,64,4,32kB,4,True,2MB,1.066246,608,2597.6,False,0.613918,0.643318
8,64,4,32kB,8,True,512kB,1.066246,609,1063.2,True,0.483372,0.572441
8,64,4,32kB,8,True,1MB,1.066246,610,1575.2,False,0.541361,0.601384
8,64,4,32kB,8,True,2MB,1.066246,611,2599.2,False,0.613918,0.643318
8,64,4,64kB,2,True,512kB,1.066392,612,1093.6,True,0.485144,0.575252
8,64,4,64kB,2,True,1MB,1.066392,613,1605.6,False,0.543267,0.603141
8,64,4,64kB,2,True,2MB,1.066392,614,2629.6,False,0.613981,0.643318
8,64,4,64kB,4,True,512kB,1.0664,615,1095.2,True,0.485171,0.575048
8,64,4,64kB,4,True,1MB,1.0664,616,1607.2,False,0.54284,0.602742
8,64,4,64kB,4,True,2MB,1.0664,617,2631.2,False,0.613981,0.643296
8,64,4,64kB,8,True,512kB,1.0664,618,1098.4,True,0.484927,0.574653
8,64,4,64kB,8,True,1MB,1.0664,619,1610.4,False,0.542886,0.602585
8,64,4,64kB,8,True,2MB,1.0664,620,2634.4,False,0.613981,0.643339
8,64,8,16kB,2,True,512kB,1.066246,621,1064.4,True,0.482494,0.581595
8,64,8,16kB,2,True,1MB,1.066246,622,1576.4,False,0.540586,0.60081
8,64,8,16kB,2,True,2MB,1.066246,623,2600.4,False,0.613777,0.643893
8,64,8,16kB,4,True,512kB,1.066292,624,1064.8,True,0.482607,0.580707
8,64,8,16kB,4,True,1MB,1.066292,625,1576.8,False,0.540855,0.600603
8,64,8,16kB,4,True,2MB,1.066292,626,2600.8,False,0.613918,0.643894
8,64,8,16kB,8,True,512kB,1.066246,627,1065.6,True,0.482443,0.580872
8,64,8,16kB,8,True,1MB,1.066246,628,1577.6,False,0.540781,0.600678
8,64,8,16kB,8,True,2MB,1.066246,629,2601.6,False,0.613918,0.643899
8,64,8,32kB,2,True,512kB,1.066246,630,1080.8,True,0.483354,0.581191
8,64,8,32kB,2,True,1MB,1.066246,631,1592.8,False,0.541577,0.601821
8,64,8,32kB,2,True,2MB,1.066246,632,2616.8,False,0.613935,0.643917
8,64,8,32kB,4,True,512kB,1.066246,633,1081.6,True,0.483429,0.582111
8,64,8,32kB,4,True,1MB,1.066246,634,1593.6,False,0.541598,0.601699
8,64,8,32kB,4,True,2MB,1.066246,635,2617.6,False,0.613918,0.643913
8,64,8,32kB,8,True,512kB,1.066246,636,1083.2,True,0.483372,0.581705
8,64,8,32kB,8,True,1MB,1.066246,637,1595.2,False,0.541361,0.601597
8,64,8,32kB,8,True,2MB,1.066246,638,2619.2,False,0.613918,0.643906
8,64,8,64kB,2,True,512kB,1.066392,639,1113.6,True,0.485146,0.58489
8,64,8,64kB,2,True,1MB,1.066392,640,1625.6,False,0.543267,0.603143
8,64,8,64kB,2,True,2MB,1.066392,641,2649.6,False,0.613981,0.643936
8,64,8,64kB,4,True,512kB,1.0664,642,1115.2,True,0.485171,0.584055
8,64,8,64kB,4,True,1MB,1.0664,643,1627.2,False,0.54284,0.602919
8,64,8,64kB,4,True,2MB,1.0664,644,2651.2,False,0.613981,0.643936
8,64,8,64kB,8,True,512kB,1.0664,645,1118.4,True,0.484927,0.584089
8,64,8,64kB,8,True,1MB,1.0664,646,1630.4,False,0.542886,0.60245
8,64,8,64kB,8,True,2MB,1.0664,647,2654.4,False,0.613981,0.643929
8,128,2,16kB,2,True,512kB,1.072323,648,1130.4,True,0.483341,0.535466
8,128,2,16kB,2,True,1MB,1.072323,649,1642.4,False,0.542117,0.583656
8,128,2,16kB,2,True,2MB,1.072323,650,2666.4,False,0.61557,0.63763
8,128,2,16kB,4,True,512kB,1.072571,651,1130.8,True,0.483208,0.535416
8,128,2,16kB,4,True,1MB,1.072571,652,1642.8,False,0.542004,0.583937
8,128,2,16kB,4,True,2MB,1.072571,653,2666.8,False,0.615568,0.63788
8,128,2,16kB,8,True,512kB,1.072572,654,1131.6,True,0.483073,0.535204
8,128,2,16kB,8,True,1MB,1.072572,655,1643.6,False,0.542106,0.583725
8,128,2,16kB,8,True,2MB,1.072572,656,2667.6,False,0.615568,0.63788
8,128,2,32kB,2,True,512kB,1.072572,657,1146.8,True,0.483861,0.536973
8,128,2,32kB,2,True,1MB,1.072572,658,1658.8,False,0.542536,0.585324
8,128,2,32kB,2,True,2MB,1.072572,659,2682.8,False,0.615568,0.63788
8,128,2,32kB,4,True,512kB,1.072571,660,1147.6,True,0.483861,0.536661
8,128,2,32kB,4,True,1MB,1.072571,661,1659.6,False,0.542536,0.584896
8,128,2,32kB,4,True,2MB,1.072571,662,2683.6,False,0.615568,0.63788
8,128,2,32kB,8,True,512kB,1.072572,663,1149.2,True,0.483773,0.535885
8,128,2,32kB,8,True,1MB,1.072572,664,1661.2,False,0.542415,0.584525
8,128,2,32kB,8,True,2MB,1.072572,665,2685.2,False,0.615568,0.637881
8,128,2,64kB,2,True,512kB,1.072711,666,1179.6,True,0.48604,0.540507
8,128,2,64kB,2,True,1MB,1.072711,667,1691.6,False,0.544532,0.588472
8,128,2,64kB,2,True,2MB,1.072711,668,2715.6,False,0.615637,0.63788
8,128,2,64kB,4,True,512kB,1.07271,669,1181.2,True,0.485798,0.539823
8,128,2,64kB,4,True,1MB,1.07271,670,1693.2,False,0.544457,0.587919
8,128,2,64kB,4,True,2MB,1.07271,671,2717.2,False,0.615613,0.63788
8,128,2,64kB,8,True,512kB,1.07271,672,1184.4,True,0.48558,0.538858
8,128,2,64kB,8,True,1MB,1.07271,673,1696.4,False,0.544125,0.586686
8,128,2,64kB,8,True,2MB,1.07271,674,2720.4,False,0.615613,0.637883
8,128,4,16kB,2,True,512kB,1.073018,675,1140.4,True,0.483732,0.573314
8,128,4,16kB,2,True,1MB,1.073018,676,1652.4,False,0.542383,0.601389
8,128,4,16kB,2,True,2MB,1.073018,677,2676.4,False,0.615626,0.645267
8,128,4,16kB,4,True,512kB,1.073099,678,1140.8,True,0.48339,0.573199
8,128,4,16kB,4,True,1MB,1.073099,679,1652.8,False,0.542383,0.601414
8,128,4,16kB,4,True,2MB,1.073099,680,2676.8,False,0.615651,0.645271
8,128,4,16kB,8,True,512kB,1.073032,681,1141.6,True,0.483744,0.573203
8,128,4,16kB,8,True,1MB,1.073032,682,1653.6,False,0.542383,0.601336
8,128,4,16kB,8,True,2MB,1.073032,683,2677.6,False,0.615624,0.645271
8,128,4,32kB,2,True,512kB,1.073032,684,1156.8,True,0.484374,0.574747
8,128,4,32kB,2,True,1MB,1.073032,685,1668.8,False,0.542822,0.602564
8,128,4,32kB,2,True,2MB,1.073032,686,2692.8,False,0.615651,0.645271
8,128,4,32kB,4,True,512kB,1.073032,687,1157.6,True,0.484366,0.574446
8,128,4,32kB,4,True,1MB,1.073032,688,1669.6,False,0.542797,0.602387
8,128,4,32kB,4,True,2MB,1.073032,689,2693.6,False,0.615651,0.645271
8,128,4,32kB,8,True,512kB,1.073032,690,1159.2,True,0.484279,0.57418
8,128,4,32kB,8,True,1MB,1.073032,691,1671.2,False,0.542786,0.602325
8,128,4,32kB,8,True,2MB,1.073032,692,2695.2,False,0.615651,0.645271
8,128,4,64kB,2,True,512kB,1.073206,693,1189.6,True,0.486087,0.577063
8,128,4,64kB,2,True,1MB,1.073206,694,1701.6,False,0.544439,0.604422
8,128,4,64kB,2,True,2MB,1.073206,695,2725.6,False,0.615734,0.645271
8,128,4,64kB,4,True,512kB,1.073213,696,1191.2,True,0.485923,0.576611
8,128,4,64kB,4,True,1MB,1.073213,697,1703.2,False,0.544322,0.604118
8,128,4,64kB,4,True,2MB,1.073213,698,2727.2,False,0.615715,0.64527
8,128,4,64kB,8,True,512kB,1.073213,699,1194.4,True,0.485628,0.576045
8,128,4,64kB,8,True,1MB,1.073213,700,1706.4,False,0.54418,0.603575
8,128,4,64kB,8,True,2MB,1.073213,701,2730.4,False,0.615715,0.645271
8,128,8,16kB,2,True,512kB,1.073064,702,1160.4,True,0.48374,0.582257
8,128,8,16kB,2,True,1MB,1.073064,703,1672.4,False,0.542393,0.60131
8,128,8,16kB,2,True,2MB,1.073064,704,2696.4,False,0.615638,0.645723
8,128,8,16kB,4,True,512kB,1.073144,705,1160.8,True,0.483397,0.581644
8,128,8,16kB,4,True,1MB,1.073144,706,1672.8,False,0.542393,0.601496
8,128,8,16kB,4,True,2MB,1.073144,707,2696.8,False,0.615663,0.645714
8,128,8,16kB,8,True,512kB,1.073077,708,1161.6,True,0.483752,0.582144
8,128,8,16kB,8,True,1MB,1.073077,709,1673.6,False,0.542393,0.601315
8,128,8,16kB,8,True,2MB,1.073077,710,2697.6,False,0.615636,0.645714
8,128,8,32kB,2,True,512kB,1.073077,711,1176.8,True,0.484382,0.583387
8,128,8,32kB,2,True,1MB,1.073077,712,1688.8,False,0.542832,0.602632
8,128,8,32kB,2,True,2MB,1.073077,713,2712.8,False,0.615663,0.645734
8,128,8,32kB,4,True,512kB,1.073077,714,1177.6,True,0.484373,0.583638
8,128,8,32kB,4,True,1MB,1.073077,715,1689.6,False,0.542806,0.602435
8,128,8,32kB,4,True,2MB,1.073077,716,2713.6,False,0.615663,0.64573
8,128,8,32kB,8,True,512kB,1.073077,717,1179.2,True,0.484287,0.583506
8,128,8,32kB,8,True,1MB,1.073077,718,1691.2,False,0.542795,0.602689
8,128,8,32kB,8,True,2MB,1.073077,719,2715.2,False,0.615663,0.645723
8,128,8,64kB,2,True,512kB,1.07325,720,1209.6,True,0.486095,0.585334
8,128,8,64kB,2,True,1MB,1.07325,721,1721.6,False,0.544449,0.604396
8,128,8,64kB,2,True,2MB,1.07325,722,2745.6,False,0.615747,0.645755
8,128,8,64kB,4,True,512kB,1.073252,723,1211.2,True,0.485931,0.584348
8,128,8,64kB,4,True,1MB,1.073252,724,1723.2,False,0.544332,0.604145
8,128,8,64kB,4,True,2MB,1.073252,725,2747.2,False,0.615727,0.645755
8,128,8,64kB,8,True,512kB,1.073252,726,1214.4,True,0.485635,0.585698
8,128,8,64kB,8,True,1MB,1.073252,727,1726.4,False,0.54419,0.603527
8,128,8,64kB,8,True,2MB,1.073252,728,2750.4,False,0.615727,0.645735
2,32,2,16kB,2,False,inactive,0.897706,729,174.4,True,0.503764,0.571152
2,32,2,16kB,4,False,inactive,0.897778,730,174.8,True,0.503791,0.57085
2,32,2,16kB,8,False,inactive,0.897829,731,175.6,True,0.502498,0.570605
2,32,2,32kB,2,False,inactive,0.897643,732,190.8,True,0.502565,0.572083
2,32,2,32kB,4,False,inactive,0.897777,733,191.6,True,0.504056,0.573313
2,32,2,32kB,8,False,inactive,0.897766,734,193.2,True,0.504055,0.572573
2,32,2,64kB,2,False,inactive,0.898011,735,223.6,True,0.505894,0.577865
2,32,2,64kB,4,False,inactive,0.898029,736,225.2,True,0.50726,0.576948
2,32,2,64kB,8,False,inactive,0.898029,737,228.4,True,0.507162,0.575642
2,32,4,16kB,2,False,inactive,0.897707,738,184.4,True,0.503781,0.626298
2,32,4,16kB,4,False,inactive,0.897779,739,184.8,True,0.503807,0.626027
2,32,4,16kB,8,False,inactive,0.897839,740,185.6,True,0.502509,0.625981
2,32,4,32kB,2,False,inactive,0.897953,741,200.8,True,0.502661,0.626907
2,32,4,32kB,4,False,inactive,0.897876,742,201.6,True,0.504077,0.626142
2,32,4,32kB,8,False,inactive,0.897849,743,203.2,True,0.504069,0.628113
2,32,4,64kB,2,False,inactive,0.898314,744,233.6,True,0.505757,0.634404
2,32,4,64kB,4,False,inactive,0.898332,745,235.2,True,0.505756,0.629213
2,32,4,64kB,8,False,inactive,0.898332,746,238.4,True,0.505928,0.630967
2,32,8,16kB,2,False,inactive,0.897707,747,204.4,True,0.503781,0.645383
2,32,8,16kB,4,False,inactive,0.897779,748,204.8,True,0.503807,0.644725
2,32,8,16kB,8,False,inactive,0.897839,749,205.6,True,0.502509,0.644897
2,32,8,32kB,2,False,inactive,0.897953,750,220.8,True,0.502661,0.647372
2,32,8,32kB,4,False,inactive,0.897876,751,221.6,True,0.504077,0.647251
2,32,8,32kB,8,False,inactive,0.897849,752,223.2,True,0.504069,0.647237
2,32,8,64kB,2,False,inactive,0.898314,753,253.6,True,0.505757,0.653806
2,32,8,64kB,4,False,inactive,0.898332,754,255.2,True,0.505756,0.64855
2,32,8,64kB,8,False,inactive,0.898332,755,258.4,True,0.505928,0.651822
2,64,2,16kB,2,False,inactive,0.890663,756,222.4,True,0.504702,0.573342
2,64,2,16kB,4,False,inactive,0.890703,757,222.8,True,0.504403,0.573137
2,64,2,16kB,8,False,inactive,0.890792,758,223.6,True,0.504391,0.573073
2,64,2,32kB,2,False,inactive,0.890626,759,238.8,True,0.504467,0.574638
2,64,2,32kB,4,False,inactive,0.890731,760,239.6,True,0.504265,0.57529
2,64,2,32kB,8,False,inactive,0.890662,761,241.2,True,0.50446,0.574121
2,64,2,64kB,2,False,inactive,0.890954,762,271.6,True,0.505878,0.577721
2,64,2,64kB,4,False,inactive,0.890965,763,273.2,True,0.507565,0.577037
2,64,2,64kB,8,False,inactive,0.890965,764,276.4,True,0.508559,0.575436
2,64,4,16kB,2,False,inactive,0.890724,765,232.4,True,0.504738,0.629052
2,64,4,16kB,4,False,inactive,0.89077,766,232.8,True,0.504429,0.628887
2,64,4,16kB,8,False,inactive,0.890863,767,233.6,True,0.504418,0.628843
2,64,4,32kB,2,False,inactive,0.890704,768,248.8,True,0.504488,0.62988
2,64,4,32kB,4,False,inactive,0.890792,769,249.6,True,0.504303,0.631001
2,64,4,32kB,8,False,inactive,0.890722,770,251.2,True,0.504487,0.630079
2,64,4,64kB,2,False,inactive,0.891013,771,281.6,True,0.505915,0.632776
2,64,4,64kB,4,False,inactive,0.891024,772,283.2,True,0.507598,0.632046
2,64,4,64kB,8,False,inactive,0.891024,773,286.4,True,0.508592,0.631267
2,64,8,16kB,2,False,inactive,0.890724,774,252.4,True,0.504738,0.648654
2,64,8,16kB,4,False,inactive,0.89077,775,252.8,True,0.504429,0.6484
2,64,8,16kB,8,False,inactive,0.890863,776,253.6,True,0.504418,0.649046
2,64,8,32kB,2,False,inactive,0.890704,777,268.8,True,0.504488,0.649962
2,64,8,32kB,4,False,inactive,0.890792,778,269.6,True,0.504303,0.651157
2,64,8,32kB,8,False,inactive,0.890722,779,271.2,True,0.504487,0.649936
2,64,8,64kB,2,False,inactive,0.891013,780,301.6,True,0.505915,0.651803
2,64,8,64kB,4,False,inactive,0.891024,781,303.2,True,0.507598,0.65108
2,64,8,64kB,8,False,inactive,0.891024,782,306.4,True,0.508592,0.650568
2,128,2,16kB,2,False,inactive,0.87421,783,318.4,True,0.506326,0.575471
2,128,2,16kB,4,False,inactive,0.874275,784,318.8,True,0.506392,0.575508
2,128,2,16kB,8,False,inactive,0.874552,785,319.6,True,0.506194,0.575468
2,128,2,32kB,2,False,inactive,0.874338,786,334.8,True,0.508582,0.578329
2,128,2,32kB,4,False,inactive,0.874417,787,335.6,True,0.508557,0.578711
2,128,2,32kB,8,False,inactive,0.874417,788,337.2,True,0.508454,0.578285
2,128,2,64kB,2,False,inactive,0.874718,789,367.6,True,0.509627,0.582301
2,128,2,64kB,4,False,inactive,0.87473,790,369.2,True,0.509621,0.582486
2,128,2,64kB,8,False,inactive,0.87473,791,372.4,True,0.507787,0.581017
2,128,4,16kB,2,False,inactive,0.874301,792,328.4,True,0.50638,0.631686
2,128,4,16kB,4,False,inactive,0.87435,793,328.8,True,0.506434,0.63189
2,128,4,16kB,8,False,inactive,0.874693,794,329.6,True,0.506228,0.631892
2,128,4,32kB,2,False,inactive,0.874433,795,344.8,True,0.508619,0.63584
2,128,4,32kB,4,False,inactive,0.874528,796,345.6,True,0.50761,0.635404
2,128,4,32kB,8,False,inactive,0.874528,797,347.2,True,0.507599,0.635253
2,128,4,64kB,2,False,inactive,0.874788,798,377.6,True,0.509658,0.638329
2,128,4,64kB,4,False,inactive,0.874801,799,379.2,True,0.509658,0.638792
2,128,4,64kB,8,False,inactive,0.874801,800,382.4,True,0.50783,0.638254
2,128,8,16kB,2,False,inactive,0.874306,801,348.4,True,0.506384,0.650855
2,128,8,16kB,4,False,inactive,0.874362,802,348.8,True,0.506437,0.650894
2,128,8,16kB,8,False,inactive,0.874705,803,349.6,True,0.506232,0.651712
2,128,8,32kB,2,False,inactive,0.874445,804,364.8,True,0.508622,0.656839
2,128,8,32kB,4,False,inactive,0.87454,805,365.6,True,0.507613,0.656077
2,128,8,32kB,8,False,inactive,0.87454,806,367.2,True,0.507602,0.656502
2,128,8,64kB,2,False,inactive,0.874801,807,397.6,True,0.509662,0.657744
2,128,8,64kB,4,False,inactive,0.874813,808,399.2,True,0.509662,0.659567
2,128,8,64kB,8,False,inactive,0.874813,809,402.4,True,0.507833,0.659295
4,32,2,16kB,2,False,inactive,1.057162,810,274.4,True,0.507952,0.577978
4,32,2,16kB,4,False,inactive,1.057211,811,274.8,True,0.508062,0.578085
4,32,2,16kB,8,False,inactive,1.057349,812,275.6,True,0.508141,0.577714
4,32,2,32kB,2,False,inactive,1.057045,813,290.8,True,0.508046,0.578978
4,32,2,32kB,4,False,inactive,1.057225,814,291.6,True,0.509378,0.58009
4,32,2,32kB,8,False,inactive,1.057162,815,293.2,True,0.509476,0.579514
4,32,2,64kB,2,False,inactive,1.057621,816,323.6,True,0.511831,0.582476
4,32,2,64kB,4,False,inactive,1.057691,817,325.2,True,0.511807,0.584337
4,32,2,64kB,8,False,inactive,1.057691,818,328.4,True,0.511586,0.580156
4,32,4,16kB,2,False,inactive,1.057217,819,284.4,True,0.508146,0.634616
4,32,4,16kB,4,False,inactive,1.057217,820,284.8,True,0.508076,0.634788
4,32,4,16kB,8,False,inactive,1.057353,821,285.6,True,0.508171,0.63444
4,32,4,32kB,2,False,inactive,1.057045,822,300.8,True,0.509471,0.635334
4,32,4,32kB,4,False,inactive,1.057228,823,301.6,True,0.509404,0.636918
4,32,4,32kB,8,False,inactive,1.057229,824,303.2,True,0.508019,0.634637
4,32,4,64kB,2,False,inactive,1.057621,825,333.6,True,0.511859,0.638434
4,32,4,64kB,4,False,inactive,1.057691,826,335.2,True,0.511838,0.641209
4,32,4,64kB,8,False,inactive,1.057691,827,338.4,True,0.511617,0.6369
4,32,8,16kB,2,False,inactive,1.057217,828,304.4,True,0.508146,0.654372
4,32,8,16kB,4,False,inactive,1.057217,829,304.8,True,0.508076,0.654072
4,32,8,16kB,8,False,inactive,1.057353,830,305.6,True,0.508171,0.65334
4,32,8,32kB,2,False,inactive,1.057045,831,320.8,True,0.509471,0.655826
4,32,8,32kB,4,False,inactive,1.057228,832,321.6,True,0.509404,0.656676
4,32,8,32kB,8,False,inactive,1.057229,833,323.2,True,0.508019,0.653749
4,32,8,64kB,2,False,inactive,1.057621,834,353.6,True,0.511859,0.657716
4,32,8,64kB,4,False,inactive,1.057691,835,355.2,True,0.511838,0.66042
4,32,8,64kB,8,False,inactive,1.057691,836,358.4,True,0.511617,0.65704
4,64,2,16kB,2,False,inactive,1.066655,837,322.4,True,0.509835,0.58037
4,64,2,16kB,4,False,inactive,1.067199,838,322.8,True,0.510579,0.580214
4,64,2,16kB,8,False,inactive,1.067402,839,323.6,True,0.509933,0.580101
4,64,2,32kB,2,False,inactive,1.066862,840,338.8,True,0.510003,0.581694
4,64,2,32kB,4,False,inactive,1.067199,841,339.6,True,0.511608,0.582879
4,64,2,32kB,8,False,inactive,1.067199,842,341.2,True,0.511307,0.58037
4,64,2,64kB,2,False,inactive,1.067725,843,371.6,True,0.513193,0.584895
4,64,2,64kB,4,False,inactive,1.067775,844,373.2,True,0.513318,0.58753
4,64,2,64kB,8,False,inactive,1.067775,845,376.4,True,0.513261,0.584902
4,64,4,16kB,2,False,inactive,1.067423,846,332.4,True,0.509854,0.637508
4,64,4,16kB,4,False,inactive,1.06772,847,332.8,True,0.509961,0.637344
4,64,4,16kB,8,False,inactive,1.067682,848,333.6,True,0.509952,0.637312
4,64,4,32kB,2,False,inactive,1.067572,849,348.8,True,0.510024,0.638217
4,64,4,32kB,4,False,inactive,1.067599,850,349.6,True,0.511648,0.640162
4,64,4,32kB,8,False,inactive,1.067573,851,351.2,True,0.511693,0.639423
4,64,4,64kB,2,False,inactive,1.068164,852,381.6,True,0.514717,0.643868
4,64,4,64kB,4,False,inactive,1.068164,853,383.2,True,0.513355,0.643537
4,64,4,64kB,8,False,inactive,1.068164,854,386.4,True,0.514684,0.639714
4,64,8,16kB,2,False,inactive,1.067423,855,352.4,True,0.509854,0.658811
4,64,8,16kB,4,False,inactive,1.06772,856,352.8,True,0.509961,0.657397
4,64,8,16kB,8,False,inactive,1.067682,857,353.6,True,0.509952,0.657678
4,64,8,32kB,2,False,inactive,1.067572,858,368.8,True,0.510024,0.659208
4,64,8,32kB,4,False,inactive,1.067599,859,369.6,True,0.511648,0.662084
4,64,8,32kB,8,False,inactive,1.067573,860,371.2,True,0.511693,0.659425
4,64,8,64kB,2,False,inactive,1.068164,861,401.6,True,0.514717,0.662915
4,64,8,64kB,4,False,inactive,1.068164,862,403.2,True,0.513355,0.663093
4,64,8,64kB,8,False,inactive,1.068164,863,406.4,True,0.514684,0.660071
4,128,2,16kB,2,False,inactive,1.075581,864,418.4,True,0.511669,0.582723
4,128,2,16kB,4,False,inactive,1.075874,865,418.8,True,0.511823,0.582555
4,128,2,16kB,8,False,inactive,1.075934,866,419.6,True,0.511813,0.582511
4,128,2,32kB,2,False,inactive,1.075521,867,434.8,True,0.511895,0.583244
4,128,2,32kB,4,False,inactive,1.075782,868,435.6,True,0.511982,0.585357
4,128,2,32kB,8,False,inactive,1.075877,869,437.2,True,0.51174,0.584188
4,128,2,64kB,2,False,inactive,1.076363,870,467.6,True,0.513137,0.587456
4,128,2,64kB,4,False,inactive,1.076407,871,469.2,True,0.515377,0.585906
4,128,2,64kB,8,False,inactive,1.076407,872,472.4,True,0.515355,0.584957
4,128,4,16kB,2,False,inactive,1.075929,873,428.4,True,0.51183,0.64016
4,128,4,16kB,4,False,inactive,1.076015,874,428.8,True,0.51183,0.640194
4,128,4,16kB,8,False,inactive,1.076085,875,429.6,True,0.511818,0.640212
4,128,4,32kB,2,False,inactive,1.075867,876,444.8,True,0.512052,0.641185
4,128,4,32kB,4,False,inactive,1.076054,877,445.6,True,0.512996,0.640812
4,128,4,32kB,8,False,inactive,1.076099,878,447.2,True,0.511965,0.639446
4,128,4,64kB,2,False,inactive,1.076487,879,477.6,True,0.51306,0.643598
4,128,4,64kB,4,False,inactive,1.076513,880,479.2,True,0.515054,0.646573
4,128,4,64kB,8,False,inactive,1.076513,881,482.4,True,0.515068,0.644978
4,128,8,16kB,2,False,inactive,1.076156,882,448.4,True,0.511786,0.661273
4,128,8,16kB,4,False,inactive,1.076273,883,448.8,True,0.511836,0.659681
4,128,8,16kB,8,False,inactive,1.076368,884,449.6,True,0.511824,0.660671
4,128,8,32kB,2,False,inactive,1.076093,885,464.8,True,0.51175,0.660786
4,128,8,32kB,4,False,inactive,1.076162,886,465.6,True,0.512002,0.661201
4,128,8,32kB,8,False,inactive,1.076267,887,467.2,True,0.511971,0.660532
4,128,8,64kB,2,False,inactive,1.076518,888,497.6,True,0.513066,0.663125
4,128,8,64kB,4,False,inactive,1.076544,889,499.2,True,0.51506,0.667335
4,128,8,64kB,8,False,inactive,1.076544,890,502.4,True,0.515074,0.667033
8,32,2,16kB,2,False,inactive,1.062425,891,474.4,True,0.508059,0.57787
8,32,2,16kB,4,False,inactive,1.062635,892,474.8,True,0.510256,0.577909
8,32,2,16kB,8,False,inactive,1.06291,893,475.6,True,0.509702,0.577867
8,32,2,32kB,2,False,inactive,1.062781,894,490.8,True,0.511088,0.580736
8,32,2,32kB,4,False,inactive,1.062653,895,491.6,True,0.511916,0.580728
8,32,2,32kB,8,False,inactive,1.062943,896,493.2,True,0.509963,0.58012
8,32,2,64kB,2,False,inactive,1.063533,897,523.6,True,0.511039,0.58483
8,32,2,64kB,4,False,inactive,1.063608,898,525.2,True,0.511504,0.581756
8,32,2,64kB,8,False,inactive,1.063608,899,528.4,True,0.511778,0.582588
8,32,4,16kB,2,False,inactive,1.062788,900,484.4,True,0.509832,0.634809
8,32,4,16kB,4,False,inactive,1.062831,901,484.8,True,0.509716,0.634725
8,32,4,16kB,8,False,inactive,1.063263,902,485.6,True,0.509844,0.636898
8,32,4,32kB,2,False,inactive,1.063039,903,500.8,True,0.509499,0.639762
8,32,4,32kB,4,False,inactive,1.063037,904,501.6,True,0.510089,0.637927
8,32,4,32kB,8,False,inactive,1.063186,905,503.2,True,0.509994,0.637438
8,32,4,64kB,2,False,inactive,1.063659,906,533.6,True,0.511943,0.638693
8,32,4,64kB,4,False,inactive,1.063718,907,535.2,True,0.51167,0.643287
8,32,4,64kB,8,False,inactive,1.063718,908,538.4,True,0.511609,0.637024
8,32,8,16kB,2,False,inactive,1.062788,909,504.4,True,0.509832,0.655708
8,32,8,16kB,4,False,inactive,1.062831,910,504.8,True,0.509716,0.65371
8,32,8,16kB,8,False,inactive,1.063263,911,505.6,True,0.509844,0.656354
8,32,8,32kB,2,False,inactive,1.063039,912,520.8,True,0.509499,0.659855
8,32,8,32kB,4,False,inactive,1.063037,913,521.6,True,0.510089,0.657501
8,32,8,32kB,8,False,inactive,1.063186,914,523.2,True,0.509994,0.657078
8,32,8,64kB,2,False,inactive,1.063659,915,553.6,True,0.511943,0.657067
8,32,8,64kB,4,False,inactive,1.063718,916,555.2,True,0.51167,0.66376
8,32,8,64kB,8,False,inactive,1.063718,917,558.4,True,0.511609,0.656593
8,64,2,16kB,2,False,inactive,1.079833,918,522.4,True,0.511658,0.582595
8,64,2,16kB,4,False,inactive,1.080436,919,522.8,True,0.511964,0.582632
8,64,2,16kB,8,False,inactive,1.080247,920,523.6,True,0.511809,0.582606
8,64,2,32kB,2,False,inactive,1.080099,921,538.8,True,0.515075,0.586328
8,64,2,32kB,4,False,inactive,1.080003,922,539.6,True,0.513768,0.584797
8,64,2,32kB,8,False,inactive,1.080241,923,541.2,True,0.514185,0.584293
8,64,2,64kB,2,False,inactive,1.081324,924,571.6,True,0.513314,0.589589
8,64,2,64kB,4,False,inactive,1.081388,925,573.2,True,0.515337,0.589769
8,64,2,64kB,8,False,inactive,1.081388,926,576.4,True,0.516861,0.584957
8,64,4,16kB,2,False,inactive,1.080553,927,532.4,True,0.511688,0.64024
8,64,4,16kB,4,False,inactive,1.080674,928,532.8,True,0.512002,0.640446
8,64,4,16kB,8,False,inactive,1.080619,929,533.6,True,0.511942,0.640465
8,64,4,32kB,2,False,inactive,1.080674,930,548.8,True,0.514375,0.642904
8,64,4,32kB,4,False,inactive,1.080674,931,549.6,True,0.514229,0.643616
8,64,4,32kB,8,False,inactive,1.081214,932,551.2,True,0.514608,0.643901
8,64,4,64kB,2,False,inactive,1.081734,933,581.6,True,0.516944,0.647045
8,64,4,64kB,4,False,inactive,1.081782,934,583.2,True,0.515321,0.64798
8,64,4,64kB,8,False,inactive,1.081782,935,586.4,True,0.515235,0.64556
8,64,8,16kB,2,False,inactive,1.080553,936,552.4,True,0.511688,0.660118
8,64,8,16kB,4,False,inactive,1.081408,937,552.8,True,0.512002,0.660213
8,64,8,16kB,8,False,inactive,1.080748,938,553.6,True,0.511942,0.65967
8,64,8,32kB,2,False,inactive,1.080674,939,568.8,True,0.514375,0.662557
8,64,8,32kB,4,False,inactive,1.080674,940,569.6,True,0.514229,0.662741
8,64,8,32kB,8,False,inactive,1.081214,941,571.2,True,0.514608,0.664504
8,64,8,64kB,2,False,inactive,1.081945,942,601.6,True,0.513552,0.669339
8,64,8,64kB,4,False,inactive,1.081993,943,603.2,True,0.515545,0.667455
8,64,8,64kB,8,False,inactive,1.081993,944,606.4,True,0.515317,0.665946
8,128,2,16kB,2,False,inactive,1.087179,945,618.4,True,0.513708,0.585056
8,128,2,16kB,4,False,inactive,1.087238,946,618.8,True,0.513375,0.584641
8,128,2,16kB,8,False,inactive,1.087305,947,619.6,True,0.513685,0.584874
8,128,2,32kB,2,False,inactive,1.087064,948,634.8,True,0.513594,0.586476
8,128,2,32kB,4,False,inactive,1.087368,949,635.6,True,0.513839,0.58693
8,128,2,32kB,8,False,inactive,1.087363,950,637.2,True,0.51563,0.584933
8,128,2,64kB,2,False,inactive,1.088126,951,667.6,True,0.518613,0.592152
8,128,2,64kB,4,False,inactive,1.088242,952,669.2,True,0.517181,0.591244
8,128,2,64kB,8,False,inactive,1.088242,953,672.4,True,0.518486,0.589746
8,128,4,16kB,2,False,inactive,1.087691,954,628.4,True,0.513676,0.643254
8,128,4,16kB,4,False,inactive,1.087969,955,628.8,True,0.513726,0.643105
8,128,4,16kB,8,False,inactive,1.087882,956,629.6,True,0.513709,0.643099
8,128,4,32kB,2,False,inactive,1.087698,957,644.8,True,0.51363,0.643703
8,128,4,32kB,4,False,inactive,1.087903,958,645.6,True,0.515952,0.646419
8,128,4,32kB,8,False,inactive,1.087969,959,647.2,True,0.513896,0.643077
8,128,4,64kB,2,False,inactive,1.088741,960,677.6,True,0.517141,0.651898
8,128,4,64kB,4,False,inactive,1.088794,961,679.2,True,0.516994,0.646498
8,128,4,64kB,8,False,inactive,1.088794,962,682.4,True,0.517323,0.648569
8,128,8,16kB,2,False,inactive,1.087782,963,648.4,True,0.513852,0.663764
8,128,8,16kB,4,False,inactive,1.088001,964,648.8,True,0.513732,0.663898
8,128,8,16kB,8,False,inactive,1.087914,965,649.6,True,0.513715,0.663755
8,128,8,32kB,2,False,inactive,1.08773,966,664.8,True,0.513636,0.663636
8,128,8,32kB,4,False,inactive,1.087934,967,665.6,True,0.515958,0.666326
8,128,8,32kB,8,False,inactive,1.088001,968,667.2,True,0.513897,0.663633
8,128,8,64kB,2,False,inactive,1.088772,969,697.6,True,0.517147,0.674411
8,128,8,64kB,4,False,inactive,1.088826,970,699.2,True,0.517,0.667842
8,128,8,64kB,8,False,inactive,1.088826,971,702.4,True,0.517329,0.669573
