issue_width,rob_size,l1d_mshrs,l1d_size,l1d_assoc,has_l2,l2_size,ipc,config_id,cost,is_feasible
2,32,2,16kB,2,True,512kB,0.886552,0,686.4,True
2,32,2,16kB,2,True,1MB,0.886552,1,1198.4,True
2,32,2,16kB,2,True,2MB,0.886552,2,2222.4,False
2,32,2,16kB,4,True,512kB,0.886728,3,686.8,True
2,32,2,16kB,4,True,1MB,0.886728,4,1198.8,True
2,32,2,16kB,4,True,2MB,0.886728,5,2222.8,False
2,32,2,16kB,8,True,512kB,0.886728,6,687.6,True
2,32,2,16kB,8,True,1MB,0.886728,7,1199.6,True
2,32,2,16kB,8,True,2MB,0.886728,8,2223.6,False
2,32,2,32kB,2,True,512kB,0.886728,9,702.8,True
2,32,2,32kB,2,True,1MB,0.886728,10,1214.8,True
2,32,2,32kB,2,True,2MB,0.886728,11,2238.8,False
2,32,2,32kB,4,True,512kB,0.886728,12,703.6,True
2,32,2,32kB,4,True,1MB,0.886728,13,1215.6,True
2,32,2,32kB,4,True,2MB,0.886728,14,2239.6,False
2,32,2,32kB,8,True,512kB,0.886728,15,705.2,True
2,32,2,32kB,8,True,1MB,0.886728,16,1217.2,True
2,32,2,32kB,8,True,2MB,0.886728,17,2241.2,False
2,32,2,64kB,2,True,512kB,0.886805,18,735.6,True
2,32,2,64kB,2,True,1MB,0.886805,19,1247.6,True
2,32,2,64kB,2,True,2MB,0.886805,20,2271.6,False
2,32,2,64kB,4,True,512kB,0.886805,21,737.2,True
2,32,2,64kB,4,True,1MB,0.886805,22,1249.2,True
2,32,2,64kB,4,True,2MB,0.886805,23,2273.2,False
2,32,2,64kB,8,True,512kB,0.886805,24,740.4,True
2,32,2,64kB,8,True,1MB,0.886805,25,1252.4,True
2,32,2,64kB,8,True,2MB,0.886805,26,2276.4,False
2,32,4,16kB,2,True,512kB,0.886728,27,696.4,True
2,32,4,16kB,2,True,1MB,0.886728,28,1208.4,True
2,32,4,16kB,2,True,2MB,0.886728,29,2232.4,False
2,32,4,16kB,4,True,512kB,0.886964,30,696.8,True
2,32,4,16kB,4,True,1MB,0.886964,31,1208.8,True
2,32,4,16kB,4,True,2MB,0.886964,32,2232.8,False
2,32,4,16kB,8,True,512kB,0.886964,33,697.6,True
2,32,4,16kB,8,True,1MB,0.886964,34,1209.6,True
2,32,4,16kB,8,True,2MB,0.886964,35,2233.6,False
2,32,4,32kB,2,True,512kB,0.886964,36,712.8,True
2,32,4,32kB,2,True,1MB,0.886964,37,1224.8,True
2,32,4,32kB,2,True,2MB,0.886964,38,2248.8,False
2,32,4,32kB,4,True,512kB,0.886964,39,713.6,True
2,32,4,32kB,4,True,1MB,0.886964,40,1225.6,True
2,32,4,32kB,4,True,2MB,0.886964,41,2249.6,False
2,32,4,32kB,8,True,512kB,0.886964,42,715.2,True
2,32,4,32kB,8,True,1MB,0.886964,43,1227.2,True
2,32,4,32kB,8,True,2MB,0.886964,44,2251.2,False
2,32,4,64kB,2,True,512kB,0.8871,45,745.6,True
2,32,4,64kB,2,True,1MB,0.8871,46,1257.6,True
2,32,4,64kB,2,True,2MB,0.8871,47,2281.6,False
2,32,4,64kB,4,True,512kB,0.8871,48,747.2,True
2,32,4,64kB,4,True,1MB,0.8871,49,1259.2,True
2,32,4,64kB,4,True,2MB,0.8871,50,2283.2,False
2,32,4,64kB,8,True,512kB,0.8871,51,750.4,True
2,32,4,64kB,8,True,1MB,0.8871,52,1262.4,True
2,32,4,64kB,8,True,2MB,0.8871,53,2286.4,False
2,32,8,16kB,2,True,512kB,0.886728,54,716.4,True
2,32,8,16kB,2,True,1MB,0.886728,55,1228.4,True
2,32,8,16kB,2,True,2MB,0.886728,56,2252.4,False
2,32,8,16kB,4,True,512kB,0.886964,57,716.8,True
2,32,8,16kB,4,True,1MB,0.886964,58,1228.8,True
2,32,8,16kB,4,True,2MB,0.886964,59,2252.8,False
2,32,8,16kB,8,True,512kB,0.886964,60,717.6,True
2,32,8,16kB,8,True,1MB,0.886964,61,1229.6,True
2,32,8,16kB,8,True,2MB,0.886964,62,2253.6,False
2,32,8,32kB,2,True,512kB,0.886964,63,732.8,True
2,32,8,32kB,2,True,1MB,0.886964,64,1244.8,True
2,32,8,32kB,2,True,2MB,0.886964,65,2268.8,False
2,32,8,32kB,4,True,512kB,0.886964,66,733.6,True
2,32,8,32kB,4,True,1MB,0.886964,67,1245.6,True
2,32,8,32kB,4,True,2MB,0.886964,68,2269.6,False
2,32,8,32kB,8,True,512kB,0.886964,69,735.2,True
2,32,8,32kB,8,True,1MB,0.886964,70,1247.2,True
2,32,8,32kB,8,True,2MB,0.886964,71,2271.2,False
2,32,8,64kB,2,True,512kB,0.8871,72,765.6,True
2,32,8,64kB,2,True,1MB,0.8871,73,1277.6,True
2,32,8,64kB,2,True,2MB,0.8871,74,2301.6,False
2,32,8,64kB,4,True,512kB,0.8871,75,767.2,True
2,32,8,64kB,4,True,1MB,0.8871,76,1279.2,True
2,32,8,64kB,4,True,2MB,0.8871,77,2303.2,False
2,32,8,64kB,8,True,512kB,0.8871,78,770.4,True
2,32,8,64kB,8,True,1MB,0.8871,79,1282.4,True
2,32,8,64kB,8,True,2MB,0.8871,80,2306.4,False
2,64,2,16kB,2,True,512kB,0.880377,81,734.4,True
2,64,2,16kB,2,True,1MB,0.880377,82,1246.4,True
2,64,2,16kB,2,True,2MB,0.880377,83,2270.4,False
2,64,2,16kB,4,True,512kB,0.880377,84,734.8,True
2,64,2,16kB,4,True,1MB,0.880377,85,1246.8,True
2,64,2,16kB,4,True,2MB,0.880377,86,2270.8,False
2,64,2,16kB,8,True,512kB,0.880377,87,735.6,True
2,64,2,16kB,8,True,1MB,0.880377,88,1247.6,True
2,64,2,16kB,8,True,2MB,0.880377,89,2271.6,False
2,64,2,32kB,2,True,512kB,0.880377,90,750.8,True
2,64,2,32kB,2,True,1MB,0.880377,91,1262.8,True
2,64,2,32kB,2,True,2MB,0.880377,92,2286.8,False
2,64,2,32kB,4,True,512kB,0.880377,93,751.6,True
2,64,2,32kB,4,True,1MB,0.880377,94,1263.6,True
2,64,2,32kB,4,True,2MB,0.880377,95,2287.6,False
2,64,2,32kB,8,True,512kB,0.880377,96,753.2,True
2,64,2,32kB,8,True,1MB,0.880377,97,1265.2,True
2,64,2,32kB,8,True,2MB,0.880377,98,2289.2,False
2,64,2,64kB,2,True,512kB,0.880482,99,783.6,True
2,64,2,64kB,2,True,1MB,0.880482,100,1295.6,True
2,64,2,64kB,2,True,2MB,0.880482,101,2319.6,False
2,64,2,64kB,4,True,512kB,0.880482,102,785.2,True
2,64,2,64kB,4,True,1MB,0.880482,103,1297.2,True
2,64,2,64kB,4,True,2MB,0.880482,104,2321.2,False
2,64,2,64kB,8,True,512kB,0.880482,105,788.4,True
2,64,2,64kB,8,True,1MB,0.880482,106,1300.4,True
2,64,2,64kB,8,True,2MB,0.880482,107,2324.4,False
2,64,4,16kB,2,True,512kB,0.880453,108,744.4,True
2,64,4,16kB,2,True,1MB,0.880453,109,1256.4,True
2,64,4,16kB,2,True,2MB,0.880453,110,2280.4,False
2,64,4,16kB,4,True,512kB,0.880501,111,744.8,True
2,64,4,16kB,4,True,1MB,0.880501,112,1256.8,True
2,64,4,16kB,4,True,2MB,0.880501,113,2280.8,False
2,64,4,16kB,8,True,512kB,0.880501,114,745.6,True
2,64,4,16kB,8,True,1MB,0.880501,115,1257.6,True
2,64,4,16kB,8,True,2MB,0.880501,116,2281.6,False
2,64,4,32kB,2,True,512kB,0.880501,117,760.8,True
2,64,4,32kB,2,True,1MB,0.880501,118,1272.8,True
2,64,4,32kB,2,True,2MB,0.880501,119,2296.8,False
2,64,4,32kB,4,True,512kB,0.8805,120,761.6,True
2,64,4,32kB,4,True,1MB,0.8805,121,1273.6,True
2,64,4,32kB,4,True,2MB,0.8805,122,2297.6,False
2,64,4,32kB,8,True,512kB,0.880501,123,763.2,True
2,64,4,32kB,8,True,1MB,0.880501,124,1275.2,True
2,64,4,32kB,8,True,2MB,0.880501,125,2299.2,False
2,64,4,64kB,2,True,512kB,0.880558,126,793.6,True
2,64,4,64kB,2,True,1MB,0.880558,127,1305.6,True
2,64,4,64kB,2,True,2MB,0.880558,128,2329.6,False
2,64,4,64kB,4,True,512kB,0.880558,129,795.2,True
2,64,4,64kB,4,True,1MB,0.880558,130,1307.2,True
2,64,4,64kB,4,True,2MB,0.880558,131,2331.2,False
2,64,4,64kB,8,True,512kB,0.880558,132,798.4,True
2,64,4,64kB,8,True,1MB,0.880558,133,1310.4,True
2,64,4,64kB,8,True,2MB,0.880558,134,2334.4,False
2,64,8,16kB,2,True,512kB,0.880453,135,764.4,True
2,64,8,16kB,2,True,1MB,0.880453,136,1276.4,True
2,64,8,16kB,2,True,2MB,0.880453,137,2300.4,False
2,64,8,16kB,4,True,512kB,0.880501,138,764.8,True
2,64,8,16kB,4,True,1MB,0.880501,139,1276.8,True
2,64,8,16kB,4,True,2MB,0.880501,140,2300.8,False
2,64,8,16kB,8,True,512kB,0.880501,141,765.6,True
2,64,8,16kB,8,True,1MB,0.880501,142,1277.6,True
2,64,8,16kB,8,True,2MB,0.880501,143,2301.6,False
2,64,8,32kB,2,True,512kB,0.880501,144,780.8,True
2,64,8,32kB,2,True,1MB,0.880501,145,1292.8,True
2,64,8,32kB,2,True,2MB,0.880501,146,2316.8,False
2,64,8,32kB,4,True,512kB,0.8805,147,781.6,True
2,64,8,32kB,4,True,1MB,0.8805,148,1293.6,True
2,64,8,32kB,4,True,2MB,0.8805,149,2317.6,False
2,64,8,32kB,8,True,512kB,0.880501,150,783.2,True
2,64,8,32kB,8,True,1MB,0.880501,151,1295.2,True
2,64,8,32kB,8,True,2MB,0.880501,152,2319.2,False
2,64,8,64kB,2,True,512kB,0.880558,153,813.6,True
2,64,8,64kB,2,True,1MB,0.880558,154,1325.6,True
2,64,8,64kB,2,True,2MB,0.880558,155,2349.6,False
2,64,8,64kB,4,True,512kB,0.880558,156,815.2,True
2,64,8,64kB,4,True,1MB,0.880558,157,1327.2,True
2,64,8,64kB,4,True,2MB,0.880558,158,2351.2,False
2,64,8,64kB,8,True,512kB,0.880558,159,818.4,True
2,64,8,64kB,8,True,1MB,0.880558,160,1330.4,True
2,64,8,64kB,8,True,2MB,0.880558,161,2354.4,False
2,128,2,16kB,2,True,512kB,0.864732,162,830.4,True
2,128,2,16kB,2,True,1MB,0.864732,163,1342.4,True
2,128,2,16kB,2,True,2MB,0.864732,164,2366.4,False
2,128,2,16kB,4,True,512kB,0.864736,165,830.8,True
2,128,2,16kB,4,True,1MB,0.864736,166,1342.8,True
2,128,2,16kB,4,True,2MB,0.864736,167,2366.8,False
2,128,2,16kB,8,True,512kB,0.864736,168,831.6,True
2,128,2,16kB,8,True,1MB,0.864736,169,1343.6,True
2,128,2,16kB,8,True,2MB,0.864736,170,2367.6,False
2,128,2,32kB,2,True,512kB,0.864736,171,846.8,True
2,128,2,32kB,2,True,1MB,0.864736,172,1358.8,True
2,128,2,32kB,2,True,2MB,0.864736,173,2382.8,False
2,128,2,32kB,4,True,512kB,0.864736,174,847.6,True
2,128,2,32kB,4,True,1MB,0.864736,175,1359.6,True
2,128,2,32kB,4,True,2MB,0.864736,176,2383.6,False
2,128,2,32kB,8,True,512kB,0.864736,177,849.2,True
2,128,2,32kB,8,True,1MB,0.864736,178,1361.2,True
2,128,2,32kB,8,True,2MB,0.864736,179,2385.2,False
2,128,2,64kB,2,True,512kB,0.864853,180,879.6,True
2,128,2,64kB,2,True,1MB,0.864853,181,1391.6,True
2,128,2,64kB,2,True,2MB,0.864853,182,2415.6,False
2,128,2,64kB,4,True,512kB,0.864856,183,881.2,True
2,128,2,64kB,4,True,1MB,0.864856,184,1393.2,True
2,128,2,64kB,4,True,2MB,0.864856,185,2417.2,False
2,128,2,64kB,8,True,512kB,0.864856,186,884.4,True
2,128,2,64kB,8,True,1MB,0.864856,187,1396.4,True
2,128,2,64kB,8,True,2MB,0.864856,188,2420.4,False
2,128,4,16kB,2,True,512kB,0.86513,189,840.4,True
2,128,4,16kB,2,True,1MB,0.86513,190,1352.4,True
2,128,4,16kB,2,True,2MB,0.86513,191,2376.4,False
2,128,4,16kB,4,True,512kB,0.865136,192,840.8,True
2,128,4,16kB,4,True,1MB,0.865136,193,1352.8,True
2,128,4,16kB,4,True,2MB,0.865136,194,2376.8,False
2,128,4,16kB,8,True,512kB,0.865136,195,841.6,True
2,128,4,16kB,8,True,1MB,0.865136,196,1353.6,True
2,128,4,16kB,8,True,2MB,0.865136,197,2377.6,False
2,128,4,32kB,2,True,512kB,0.865136,198,856.8,True
2,128,4,32kB,2,True,1MB,0.865136,199,1368.8,True
2,128,4,32kB,2,True,2MB,0.865136,200,2392.8,False
2,128,4,32kB,4,True,512kB,0.865136,201,857.6,True
2,128,4,32kB,4,True,1MB,0.865136,202,1369.6,True
2,128,4,32kB,4,True,2MB,0.865136,203,2393.6,False
2,128,4,32kB,8,True,512kB,0.865136,204,859.2,True
2,128,4,32kB,8,True,1MB,0.865136,205,1371.2,True
2,128,4,32kB,8,True,2MB,0.865136,206,2395.2,False
2,128,4,64kB,2,True,512kB,0.86525,207,889.6,True
2,128,4,64kB,2,True,1MB,0.86525,208,1401.6,True
2,128,4,64kB,2,True,2MB,0.86525,209,2425.6,False
2,128,4,64kB,4,True,512kB,0.86526,210,891.2,True
2,128,4,64kB,4,True,1MB,0.86526,211,1403.2,True
2,128,4,64kB,4,True,2MB,0.86526,212,2427.2,False
2,128,4,64kB,8,True,512kB,0.86526,213,894.4,True
2,128,4,64kB,8,True,1MB,0.86526,214,1406.4,True
2,128,4,64kB,8,True,2MB,0.86526,215,2430.4,False
2,128,8,16kB,2,True,512kB,0.865152,216,860.4,True
2,128,8,16kB,2,True,1MB,0.865152,217,1372.4,True
2,128,8,16kB,2,True,2MB,0.865152,218,2396.4,False
2,128,8,16kB,4,True,512kB,0.865156,219,860.8,True
2,128,8,16kB,4,True,1MB,0.865156,220,1372.8,True
2,128,8,16kB,4,True,2MB,0.865156,221,2396.8,False
2,128,8,16kB,8,True,512kB,0.865156,222,861.6,True
2,128,8,16kB,8,True,1MB,0.865156,223,1373.6,True
2,128,8,16kB,8,True,2MB,0.865156,224,2397.6,False
2,128,8,32kB,2,True,512kB,0.865156,225,876.8,True
2,128,8,32kB,2,True,1MB,0.865156,226,1388.8,True
2,128,8,32kB,2,True,2MB,0.865156,227,2412.8,False
2,128,8,32kB,4,True,512kB,0.865156,228,877.6,True
2,128,8,32kB,4,True,1MB,0.865156,229,1389.6,True
2,128,8,32kB,4,True,2MB,0.865156,230,2413.6,False
2,128,8,32kB,8,True,512kB,0.865156,231,879.2,True
2,128,8,32kB,8,True,1MB,0.865156,232,1391.2,True
2,128,8,32kB,8,True,2MB,0.865156,233,2415.2,False
2,128,8,64kB,2,True,512kB,0.865277,234,909.6,True
2,128,8,64kB,2,True,1MB,0.865277,235,1421.6,True
2,128,8,64kB,2,True,2MB,0.865277,236,2445.6,False
2,128,8,64kB,4,True,512kB,0.865275,237,911.2,True
2,128,8,64kB,4,True,1MB,0.865275,238,1423.2,True
2,128,8,64kB,4,True,2MB,0.865275,239,2447.2,False
2,128,8,64kB,8,True,512kB,0.865275,240,914.4,True
2,128,8,64kB,8,True,1MB,0.865275,241,1426.4,True
2,128,8,64kB,8,True,2MB,0.865275,242,2450.4,False
4,32,2,16kB,2,True,512kB,1.042244,243,786.4,True
4,32,2,16kB,2,True,1MB,1.042244,244,1298.4,True
4,32,2,16kB,2,True,2MB,1.042244,245,2322.4,False
4,32,2,16kB,4,True,512kB,1.042424,246,786.8,True
4,32,2,16kB,4,True,1MB,1.042424,247,1298.8,True
4,32,2,16kB,4,True,2MB,1.042424,248,2322.8,False
4,32,2,16kB,8,True,512kB,1.042424,249,787.6,True
4,32,2,16kB,8,True,1MB,1.042424,250,1299.6,True
4,32,2,16kB,8,True,2MB,1.042424,251,2323.6,False
4,32,2,32kB,2,True,512kB,1.042424,252,802.8,True
4,32,2,32kB,2,True,1MB,1.042424,253,1314.8,True
4,32,2,32kB,2,True,2MB,1.042424,254,2338.8,False
4,32,2,32kB,4,True,512kB,1.042424,255,803.6,True
4,32,2,32kB,4,True,1MB,1.042424,256,1315.6,True
4,32,2,32kB,4,True,2MB,1.042424,257,2339.6,False
4,32,2,32kB,8,True,512kB,1.042424,258,805.2,True
4,32,2,32kB,8,True,1MB,1.042424,259,1317.2,True
4,32,2,32kB,8,True,2MB,1.042424,260,2341.2,False
4,32,2,64kB,2,True,512kB,1.042511,261,835.6,True
4,32,2,64kB,2,True,1MB,1.042511,262,1347.6,True
4,32,2,64kB,2,True,2MB,1.042511,263,2371.6,False
4,32,2,64kB,4,True,512kB,1.042573,264,837.2,True
4,32,2,64kB,4,True,1MB,1.042573,265,1349.2,True
4,32,2,64kB,4,True,2MB,1.042573,266,2373.2,False
4,32,2,64kB,8,True,512kB,1.042573,267,840.4,True
4,32,2,64kB,8,True,1MB,1.042573,268,1352.4,True
4,32,2,64kB,8,True,2MB,1.042573,269,2376.4,False
4,32,4,16kB,2,True,512kB,1.042424,270,796.4,True
4,32,4,16kB,2,True,1MB,1.042424,271,1308.4,True
4,32,4,16kB,2,True,2MB,1.042424,272,2332.4,False
4,32,4,16kB,4,True,512kB,1.042424,273,796.8,True
4,32,4,16kB,4,True,1MB,1.042424,274,1308.8,True
4,32,4,16kB,4,True,2MB,1.042424,275,2332.8,False
4,32,4,16kB,8,True,512kB,1.042424,276,797.6,True
4,32,4,16kB,8,True,1MB,1.042424,277,1309.6,True
4,32,4,16kB,8,True,2MB,1.042424,278,2333.6,False
4,32,4,32kB,2,True,512kB,1.042424,279,812.8,True
4,32,4,32kB,2,True,1MB,1.042424,280,1324.8,True
4,32,4,32kB,2,True,2MB,1.042424,281,2348.8,False
4,32,4,32kB,4,True,512kB,1.042424,282,813.6,True
4,32,4,32kB,4,True,1MB,1.042424,283,1325.6,True
4,32,4,32kB,4,True,2MB,1.042424,284,2349.6,False
4,32,4,32kB,8,True,512kB,1.042424,285,815.2,True
4,32,4,32kB,8,True,1MB,1.042424,286,1327.2,True
4,32,4,32kB,8,True,2MB,1.042424,287,2351.2,False
4,32,4,64kB,2,True,512kB,1.042511,288,845.6,True
4,32,4,64kB,2,True,1MB,1.042511,289,1357.6,True
4,32,4,64kB,2,True,2MB,1.042511,290,2381.6,False
4,32,4,64kB,4,True,512kB,1.042573,291,847.2,True
4,32,4,64kB,4,True,1MB,1.042573,292,1359.2,True
4,32,4,64kB,4,True,2MB,1.042573,293,2383.2,False
4,32,4,64kB,8,True,512kB,1.042573,294,850.4,True
4,32,4,64kB,8,True,1MB,1.042573,295,1362.4,True
4,32,4,64kB,8,True,2MB,1.042573,296,2386.4,False
4,32,8,16kB,2,True,512kB,1.042424,297,816.4,True
4,32,8,16kB,2,True,1MB,1.042424,298,1328.4,True
4,32,8,16kB,2,True,2MB,1.042424,299,2352.4,False
4,32,8,16kB,4,True,512kB,1.042424,300,816.8,True
4,32,8,16kB,4,True,1MB,1.042424,301,1328.8,True
4,32,8,16kB,4,True,2MB,1.042424,302,2352.8,False
4,32,8,16kB,8,True,512kB,1.042424,303,817.6,True
4,32,8,16kB,8,True,1MB,1.042424,304,1329.6,True
4,32,8,16kB,8,True,2MB,1.042424,305,2353.6,False
4,32,8,32kB,2,True,512kB,1.042424,306,832.8,True
4,32,8,32kB,2,True,1MB,1.042424,307,1344.8,True
4,32,8,32kB,2,True,2MB,1.042424,308,2368.8,False
4,32,8,32kB,4,True,512kB,1.042424,309,833.6,True
4,32,8,32kB,4,True,1MB,1.042424,310,1345.6,True
4,32,8,32kB,4,True,2MB,1.042424,311,2369.6,False
4,32,8,32kB,8,True,512kB,1.042424,312,835.2,True
4,32,8,32kB,8,True,1MB,1.042424,313,1347.2,True
4,32,8,32kB,8,True,2MB,1.042424,314,2371.2,False
4,32,8,64kB,2,True,512kB,1.042511,315,865.6,True
4,32,8,64kB,2,True,1MB,1.042511,316,1377.6,True
4,32,8,64kB,2,True,2MB,1.042511,317,2401.6,False
4,32,8,64kB,4,True,512kB,1.042573,318,867.2,True
4,32,8,64kB,4,True,1MB,1.042573,319,1379.2,True
4,32,8,64kB,4,True,2MB,1.042573,320,2403.2,False
4,32,8,64kB,8,True,512kB,1.042573,321,870.4,True
4,32,8,64kB,8,True,1MB,1.042573,322,1382.4,True
4,32,8,64kB,8,True,2MB,1.042573,323,2406.4,False
4,64,2,16kB,2,True,512kB,1.0518,324,834.4,True
4,64,2,16kB,2,True,1MB,1.0518,325,1346.4,True
4,64,2,16kB,2,True,2MB,1.0518,326,2370.4,False
4,64,2,16kB,4,True,512kB,1.051877,327,834.8,True
4,64,2,16kB,4,True,1MB,1.051877,328,1346.8,True
4,64,2,16kB,4,True,2MB,1.051877,329,2370.8,False
4,64,2,16kB,8,True,512kB,1.052753,330,835.6,True
4,64,2,16kB,8,True,1MB,1.052753,331,1347.6,True
4,64,2,16kB,8,True,2MB,1.052753,332,2371.6,False
4,64,2,32kB,2,True,512kB,1.052753,333,850.8,True
4,64,2,32kB,2,True,1MB,1.052753,334,1362.8,True
4,64,2,32kB,2,True,2MB,1.052753,335,2386.8,False
4,64,2,32kB,4,True,512kB,1.052752,336,851.6,True
4,64,2,32kB,4,True,1MB,1.052752,337,1363.6,True
4,64,2,32kB,4,True,2MB,1.052752,338,2387.6,False
4,64,2,32kB,8,True,512kB,1.052753,339,853.2,True
4,64,2,32kB,8,True,1MB,1.052753,340,1365.2,True
4,64,2,32kB,8,True,2MB,1.052753,341,2389.2,False
4,64,2,64kB,2,True,512kB,1.05288,342,883.6,True
4,64,2,64kB,2,True,1MB,1.05288,343,1395.6,True
4,64,2,64kB,2,True,2MB,1.05288,344,2419.6,False
4,64,2,64kB,4,True,512kB,1.052887,345,885.2,True
4,64,2,64kB,4,True,1MB,1.052887,346,1397.2,True
4,64,2,64kB,4,True,2MB,1.052887,347,2421.2,False
4,64,2,64kB,8,True,512kB,1.052887,348,888.4,True
4,64,2,64kB,8,True,1MB,1.052887,349,1400.4,True
4,64,2,64kB,8,True,2MB,1.052887,350,2424.4,False
4,64,4,16kB,2,True,512kB,1.052857,351,844.4,True
4,64,4,16kB,2,True,1MB,1.052857,352,1356.4,True
4,64,4,16kB,2,True,2MB,1.052857,353,2380.4,False
4,64,4,16kB,4,True,512kB,1.052866,354,844.8,True
4,64,4,16kB,4,True,1MB,1.052866,355,1356.8,True
4,64,4,16kB,4,True,2MB,1.052866,356,2380.8,False
4,64,4,16kB,8,True,512kB,1.052866,357,845.6,True
4,64,4,16kB,8,True,1MB,1.052866,358,1357.6,True
4,64,4,16kB,8,True,2MB,1.052866,359,2381.6,False
4,64,4,32kB,2,True,512kB,1.052866,360,860.8,True
4,64,4,32kB,2,True,1MB,1.052866,361,1372.8,True
4,64,4,32kB,2,True,2MB,1.052866,362,2396.8,False
4,64,4,32kB,4,True,512kB,1.052865,363,861.6,True
4,64,4,32kB,4,True,1MB,1.052865,364,1373.6,True
4,64,4,32kB,4,True,2MB,1.052865,365,2397.6,False
4,64,4,32kB,8,True,512kB,1.052866,366,863.2,True
4,64,4,32kB,8,True,1MB,1.052866,367,1375.2,True
4,64,4,32kB,8,True,2MB,1.052866,368,2399.2,False
4,64,4,64kB,2,True,512kB,1.052992,369,893.6,True
4,64,4,64kB,2,True,1MB,1.052992,370,1405.6,True
4,64,4,64kB,2,True,2MB,1.052992,371,2429.6,False
4,64,4,64kB,4,True,512kB,1.053,372,895.2,True
4,64,4,64kB,4,True,1MB,1.053,373,1407.2,True
4,64,4,64kB,4,True,2MB,1.053,374,2431.2,False
4,64,4,64kB,8,True,512kB,1.053,375,898.4,True
4,64,4,64kB,8,True,1MB,1.053,376,1410.4,True
4,64,4,64kB,8,True,2MB,1.053,377,2434.4,False
4,64,8,16kB,2,True,512kB,1.052857,378,864.4,True
4,64,8,16kB,2,True,1MB,1.052857,379,1376.4,True
4,64,8,16kB,2,True,2MB,1.052857,380,2400.4,False
4,64,8,16kB,4,True,512kB,1.052866,381,864.8,True
4,64,8,16kB,4,True,1MB,1.052866,382,1376.8,True
4,64,8,16kB,4,True,2MB,1.052866,383,2400.8,False
4,64,8,16kB,8,True,512kB,1.052866,384,865.6,True
4,64,8,16kB,8,True,1MB,1.052866,385,1377.6,True
4,64,8,16kB,8,True,2MB,1.052866,386,2401.6,False
4,64,8,32kB,2,True,512kB,1.052866,387,880.8,True
4,64,8,32kB,2,True,1MB,1.052866,388,1392.8,True
4,64,8,32kB,2,True,2MB,1.052866,389,2416.8,False
4,64,8,32kB,4,True,512kB,1.052865,390,881.6,True
4,64,8,32kB,4,True,1MB,1.052865,391,1393.6,True
4,64,8,32kB,4,True,2MB,1.052865,392,2417.6,False
4,64,8,32kB,8,True,512kB,1.052866,393,883.2,True
4,64,8,32kB,8,True,1MB,1.052866,394,1395.2,True
4,64,8,32kB,8,True,2MB,1.052866,395,2419.2,False
4,64,8,64kB,2,True,512kB,1.052992,396,913.6,True
4,64,8,64kB,2,True,1MB,1.052992,397,1425.6,True
4,64,8,64kB,2,True,2MB,1.052992,398,2449.6,False
4,64,8,64kB,4,True,512kB,1.053,399,915.2,True
4,64,8,64kB,4,True,1MB,1.053,400,1427.2,True
4,64,8,64kB,4,True,2MB,1.053,401,2451.2,False
4,64,8,64kB,8,True,512kB,1.053,402,918.4,True
4,64,8,64kB,8,True,1MB,1.053,403,1430.4,True
4,64,8,64kB,8,True,2MB,1.053,404,2454.4,False
4,128,2,16kB,2,True,512kB,1.060022,405,930.4,True
4,128,2,16kB,2,True,1MB,1.060022,406,1442.4,True
4,128,2,16kB,2,True,2MB,1.060022,407,2466.4,False
4,128,2,16kB,4,True,512kB,1.060354,408,930.8,True
4,128,2,16kB,4,True,1MB,1.060354,409,1442.8,True
4,128,2,16kB,4,True,2MB,1.060354,410,2466.8,False
4,128,2,16kB,8,True,512kB,1.060353,411,931.6,True
4,128,2,16kB,8,True,1MB,1.060353,412,1443.6,True
4,128,2,16kB,8,True,2MB,1.060353,413,2467.6,False
4,128,2,32kB,2,True,512kB,1.060353,414,946.8,True
4,128,2,32kB,2,True,1MB,1.060353,415,1458.8,True
4,128,2,32kB,2,True,2MB,1.060353,416,2482.8,False
4,128,2,32kB,4,True,512kB,1.060352,417,947.6,True
4,128,2,32kB,4,True,1MB,1.060352,418,1459.6,True
4,128,2,32kB,4,True,2MB,1.060352,419,2483.6,False
4,128,2,32kB,8,True,512kB,1.060353,420,949.2,True
4,128,2,32kB,8,True,1MB,1.060353,421,1461.2,True
4,128,2,32kB,8,True,2MB,1.060353,422,2485.2,False
4,128,2,64kB,2,True,512kB,1.060455,423,979.6,True
4,128,2,64kB,2,True,1MB,1.060455,424,1491.6,True
4,128,2,64kB,2,True,2MB,1.060455,425,2515.6,False
4,128,2,64kB,4,True,512kB,1.060455,426,981.2,True
4,128,2,64kB,4,True,1MB,1.060455,427,1493.2,True
4,128,2,64kB,4,True,2MB,1.060455,428,2517.2,False
4,128,2,64kB,8,True,512kB,1.060455,429,984.4,True
4,128,2,64kB,8,True,1MB,1.060455,430,1496.4,True
4,128,2,64kB,8,True,2MB,1.060455,431,2520.4,False
4,128,4,16kB,2,True,512kB,1.060901,432,940.4,True
4,128,4,16kB,2,True,1MB,1.060901,433,1452.4,True
4,128,4,16kB,2,True,2MB,1.060901,434,2476.4,False
4,128,4,16kB,4,True,512kB,1.060909,435,940.8,True
4,128,4,16kB,4,True,1MB,1.060909,436,1452.8,True
4,128,4,16kB,4,True,2MB,1.060909,437,2476.8,False
4,128,4,16kB,8,True,512kB,1.060904,438,941.6,True
4,128,4,16kB,8,True,1MB,1.060904,439,1453.6,True
4,128,4,16kB,8,True,2MB,1.060904,440,2477.6,False
4,128,4,32kB,2,True,512kB,1.060904,441,956.8,True
4,128,4,32kB,2,True,1MB,1.060904,442,1468.8,True
4,128,4,32kB,2,True,2MB,1.060904,443,2492.8,False
4,128,4,32kB,4,True,512kB,1.060903,444,957.6,True
4,128,4,32kB,4,True,1MB,1.060903,445,1469.6,True
4,128,4,32kB,4,True,2MB,1.060903,446,2493.6,False
4,128,4,32kB,8,True,512kB,1.060904,447,959.2,True
4,128,4,32kB,8,True,1MB,1.060904,448,1471.2,True
4,128,4,32kB,8,True,2MB,1.060904,449,2495.2,False
4,128,4,64kB,2,True,512kB,1.061016,450,989.6,True
4,128,4,64kB,2,True,1MB,1.061016,451,1501.6,False
4,128,4,64kB,2,True,2MB,1.061016,452,2525.6,False
4,128,4,64kB,4,True,512kB,1.061016,453,991.2,True
4,128,4,64kB,4,True,1MB,1.061016,454,1503.2,False
4,128,4,64kB,4,True,2MB,1.061016,455,2527.2,False
4,128,4,64kB,8,True,512kB,1.061016,456,994.4,True
4,128,4,64kB,8,True,1MB,1.061016,457,1506.4,False
4,128,4,64kB,8,True,2MB,1.061016,458,2530.4,False
4,128,8,16kB,2,True,512kB,1.060918,459,960.4,True
4,128,8,16kB,2,True,1MB,1.060918,460,1472.4,True
4,128,8,16kB,2,True,2MB,1.060918,461,2496.4,False
4,128,8,16kB,4,True,512kB,1.060918,462,960.8,True
4,128,8,16kB,4,True,1MB,1.060918,463,1472.8,True
4,128,8,16kB,4,True,2MB,1.060918,464,2496.8,False
4,128,8,16kB,8,True,512kB,1.060918,465,961.6,True
4,128,8,16kB,8,True,1MB,1.060918,466,1473.6,True
4,128,8,16kB,8,True,2MB,1.060918,467,2497.6,False
4,128,8,32kB,2,True,512kB,1.060918,468,976.8,True
4,128,8,32kB,2,True,1MB,1.060918,469,1488.8,True
4,128,8,32kB,2,True,2MB,1.060918,470,2512.8,False
4,128,8,32kB,4,True,512kB,1.060918,471,977.6,True
4,128,8,32kB,4,True,1MB,1.060918,472,1489.6,True
4,128,8,32kB,4,True,2MB,1.060918,473,2513.6,False
4,128,8,32kB,8,True,512kB,1.060918,474,979.2,True
4,128,8,32kB,8,True,1MB,1.060918,475,1491.2,True
4,128,8,32kB,8,True,2MB,1.060918,476,2515.2,False
4,128,8,64kB,2,True,512kB,1.061093,477,1009.6,True
4,128,8,64kB,2,True,1MB,1.061093,478,1521.6,False
4,128,8,64kB,2,True,2MB,1.061093,479,2545.6,False
4,128,8,64kB,4,True,512kB,1.061095,480,1011.2,True
4,128,8,64kB,4,True,1MB,1.061095,481,1523.2,False
4,128,8,64kB,4,True,2MB,1.061095,482,2547.2,False
4,128,8,64kB,8,True,512kB,1.061095,483,1014.4,True
4,128,8,64kB,8,True,1MB,1.061095,484,1526.4,False
4,128,8,64kB,8,True,2MB,1.061095,485,2550.4,False
8,32,2,16kB,2,True,512kB,1.048043,486,986.4,True
8,32,2,16kB,2,True,1MB,1.048043,487,1498.4,True
8,32,2,16kB,2,True,2MB,1.048043,488,2522.4,False
8,32,2,16kB,4,True,512kB,1.048445,489,986.8,True
8,32,2,16kB,4,True,1MB,1.048445,490,1498.8,True
8,32,2,16kB,4,True,2MB,1.048445,491,2522.8,False
8,32,2,16kB,8,True,512kB,1.048445,492,987.6,True
8,32,2,16kB,8,True,1MB,1.048445,493,1499.6,True
8,32,2,16kB,8,True,2MB,1.048445,494,2523.6,False
8,32,2,32kB,2,True,512kB,1.048445,495,1002.8,True
8,32,2,32kB,2,True,1MB,1.048445,496,1514.8,False
8,32,2,32kB,2,True,2MB,1.048445,497,2538.8,False
8,32,2,32kB,4,True,512kB,1.048444,498,1003.6,True
8,32,2,32kB,4,True,1MB,1.048444,499,1515.6,False
8,32,2,32kB,4,True,2MB,1.048444,500,2539.6,False
8,32,2,32kB,8,True,512kB,1.048445,501,1005.2,True
8,32,2,32kB,8,True,1MB,1.048445,502,1517.2,False
8,32,2,32kB,8,True,2MB,1.048445,503,2541.2,False
8,32,2,64kB,2,True,512kB,1.048542,504,1035.6,True
8,32,2,64kB,2,True,1MB,1.048542,505,1547.6,False
8,32,2,64kB,2,True,2MB,1.048542,506,2571.6,False
8,32,2,64kB,4,True,512kB,1.048542,507,1037.2,True
8,32,2,64kB,4,True,1MB,1.048542,508,1549.2,False
8,32,2,64kB,4,True,2MB,1.048542,509,2573.2,False
8,32,2,64kB,8,True,512kB,1.048542,510,1040.4,True
8,32,2,64kB,8,True,1MB,1.048542,511,1552.4,False
8,32,2,64kB,8,True,2MB,1.048542,512,2576.4,False
8,32,4,16kB,2,True,512kB,1.048105,513,996.4,True
8,32,4,16kB,2,True,1MB,1.048105,514,1508.4,False
8,32,4,16kB,2,True,2MB,1.048105,515,2532.4,False
8,32,4,16kB,4,True,512kB,1.048703,516,996.8,True
8,32,4,16kB,4,True,1MB,1.048703,517,1508.8,False
8,32,4,16kB,4,True,2MB,1.048703,518,2532.8,False
8,32,4,16kB,8,True,512kB,1.048773,519,997.6,True
8,32,4,16kB,8,True,1MB,1.048773,520,1509.6,False
8,32,4,16kB,8,True,2MB,1.048773,521,2533.6,False
8,32,4,32kB,2,True,512kB,1.048773,522,1012.8,True
8,32,4,32kB,2,True,1MB,1.048773,523,1524.8,False
8,32,4,32kB,2,True,2MB,1.048773,524,2548.8,False
8,32,4,32kB,4,True,512kB,1.048773,525,1013.6,True
8,32,4,32kB,4,True,1MB,1.048773,526,1525.6,False
8,32,4,32kB,4,True,2MB,1.048773,527,2549.6,False
8,32,4,32kB,8,True,512kB,1.048773,528,1015.2,True
8,32,4,32kB,8,True,1MB,1.048773,529,1527.2,False
8,32,4,32kB,8,True,2MB,1.048773,530,2551.2,False
8,32,4,64kB,2,True,512kB,1.048975,531,1045.6,True
8,32,4,64kB,2,True,1MB,1.048975,532,1557.6,False
8,32,4,64kB,2,True,2MB,1.048975,533,2581.6,False
8,32,4,64kB,4,True,512kB,1.048975,534,1047.2,True
8,32,4,64kB,4,True,1MB,1.048975,535,1559.2,False
8,32,4,64kB,4,True,2MB,1.048975,536,2583.2,False
8,32,4,64kB,8,True,512kB,1.048975,537,1050.4,True
8,32,4,64kB,8,True,1MB,1.048975,538,1562.4,False
8,32,4,64kB,8,True,2MB,1.048975,539,2586.4,False
8,32,8,16kB,2,True,512kB,1.048105,540,1016.4,True
8,32,8,16kB,2,True,1MB,1.048105,541,1528.4,False
8,32,8,16kB,2,True,2MB,1.048105,542,2552.4,False
8,32,8,16kB,4,True,512kB,1.048703,543,1016.8,True
8,32,8,16kB,4,True,1MB,1.048703,544,1528.8,False
8,32,8,16kB,4,True,2MB,1.048703,545,2552.8,False
8,32,8,16kB,8,True,512kB,1.048773,546,1017.6,True
8,32,8,16kB,8,True,1MB,1.048773,547,1529.6,False
8,32,8,16kB,8,True,2MB,1.048773,548,2553.6,False
8,32,8,32kB,2,True,512kB,1.048773,549,1032.8,True
8,32,8,32kB,2,True,1MB,1.048773,550,1544.8,False
8,32,8,32kB,2,True,2MB,1.048773,551,2568.8,False
8,32,8,32kB,4,True,512kB,1.048773,552,1033.6,True
8,32,8,32kB,4,True,1MB,1.048773,553,1545.6,False
8,32,8,32kB,4,True,2MB,1.048773,554,2569.6,False
8,32,8,32kB,8,True,512kB,1.048773,555,1035.2,True
8,32,8,32kB,8,True,1MB,1.048773,556,1547.2,False
8,32,8,32kB,8,True,2MB,1.048773,557,2571.2,False
8,32,8,64kB,2,True,512kB,1.048975,558,1065.6,True
8,32,8,64kB,2,True,1MB,1.048975,559,1577.6,False
8,32,8,64kB,2,True,2MB,1.048975,560,2601.6,False
8,32,8,64kB,4,True,512kB,1.048975,561,1067.2,True
8,32,8,64kB,4,True,1MB,1.048975,562,1579.2,False
8,32,8,64kB,4,True,2MB,1.048975,563,2603.2,False
8,32,8,64kB,8,True,512kB,1.048975,564,1070.4,True
8,32,8,64kB,8,True,1MB,1.048975,565,1582.4,False
8,32,8,64kB,8,True,2MB,1.048975,566,2606.4,False
8,64,2,16kB,2,True,512kB,1.065878,567,1034.4,True
8,64,2,16kB,2,True,1MB,1.065878,568,1546.4,False
8,64,2,16kB,2,True,2MB,1.065878,569,2570.4,False
8,64,2,16kB,4,True,512kB,1.066009,570,1034.8,True
8,64,2,16kB,4,True,1MB,1.066009,571,1546.8,False
8,64,2,16kB,4,True,2MB,1.066009,572,2570.8,False
8,64,2,16kB,8,True,512kB,1.066131,573,1035.6,True
8,64,2,16kB,8,True,1MB,1.066131,574,1547.6,False
8,64,2,16kB,8,True,2MB,1.066131,575,2571.6,False
8,64,2,32kB,2,True,512kB,1.066131,576,1050.8,True
8,64,2,32kB,2,True,1MB,1.066131,577,1562.8,False
8,64,2,32kB,2,True,2MB,1.066131,578,2586.8,False
8,64,2,32kB,4,True,512kB,1.066131,579,1051.6,True
8,64,2,32kB,4,True,1MB,1.066131,580,1563.6,False
8,64,2,32kB,4,True,2MB,1.066131,581,2587.6,False
8,64,2,32kB,8,True,512kB,1.066131,582,1053.2,True
8,64,2,32kB,8,True,1MB,1.066131,583,1565.2,False
8,64,2,32kB,8,True,2MB,1.066131,584,2589.2,False
8,64,2,64kB,2,True,512kB,1.066258,585,1083.6,True
8,64,2,64kB,2,True,1MB,1.066258,586,1595.6,False
8,64,2,64kB,2,True,2MB,1.066258,587,2619.6,False
8,64,2,64kB,4,True,512kB,1.066258,588,1085.2,True
8,64,2,64kB,4,True,1MB,1.066258,589,1597.2,False
8,64,2,64kB,4,True,2MB,1.066258,590,2621.2,False
8,64,2,64kB,8,True,512kB,1.066258,591,1088.4,True
8,64,2,64kB,8,True,1MB,1.066258,592,1600.4,False
8,64,2,64kB,8,True,2MB,1.066258,593,2624.4,False
8,64,4,16kB,2,True,512kB,1.066246,594,1044.4,True
8,64,4,16kB,2,True,1MB,1.066246,595,1556.4,False
8,64,4,16kB,2,True,2MB,1.066246,596,2580.4,False
8,64,4,16kB,4,True,512kB,1.066292,597,1044.8,True
8,64,4,16kB,4,True,1MB,1.066292,598,1556.8,False
8,64,4,16kB,4,True,2MB,1.066292,599,2580.8,False
8,64,4,16kB,8,True,512kB,1.066246,600,1045.6,True
8,64,4,16kB,8,True,1MB,1.066246,601,1557.6,False
8,64,4,16kB,8,True,2MB,1.066246,602,2581.6,False
8,64,4,32kB,2,True,512kB,1.066246,603,1060.8,True
8,64,4,32kB,2,True,1MB,1.066246,604,1572.8,False
8,64,4,32kB,2,True,2MB,1.066246,605,2596.8,False
8,64,4,32kB,4,True,512kB,1.066246,606,1061.6,True
8,64,4,32kB,4,True,1MB,1.066246,607,1573.6,False
8,64,4,32kB,4,True,2MB,1.066246,608,2597.6,False
8,64,4,32kB,8,True,512kB,1.066246,609,1063.2,True
8,64,4,32kB,8,True,1MB,1.066246,610,1575.2,False
8,64,4,32kB,8,True,2MB,1.066246,611,2599.2,False
8,64,4,64kB,2,True,512kB,1.066392,612,1093.6,True
8,64,4,64kB,2,True,1MB,1.066392,613,1605.6,False
8,64,4,64kB,2,True,2MB,1.066392,614,2629.6,False
8,64,4,64kB,4,True,512kB,1.0664,615,1095.2,True
8,64,4,64kB,4,True,1MB,1.0664,616,1607.2,False
8,64,4,64kB,4,True,2MB,1.0664,617,2631.2,False
8,64,4,64kB,8,True,512kB,1.0664,618,1098.4,True
8,64,4,64kB,8,True,1MB,1.0664,619,1610.4,False
8,64,4,64kB,8,True,2MB,1.0664,620,2634.4,False
8,64,8,16kB,2,True,512kB,1.066246,621,1064.4,True
8,64,8,16kB,2,True,1MB,1.066246,622,1576.4,False
8,64,8,16kB,2,True,2MB,1.066246,623,2600.4,False
8,64,8,16kB,4,True,512kB,1.066292,624,1064.8,True
8,64,8,16kB,4,True,1MB,1.066292,625,1576.8,False
8,64,8,16kB,4,True,2MB,1.066292,626,2600.8,False
8,64,8,16kB,8,True,512kB,1.066246,627,1065.6,True
8,64,8,16kB,8,True,1MB,1.066246,628,1577.6,False
8,64,8,16kB,8,True,2MB,1.066246,629,2601.6,False
8,64,8,32kB,2,True,512kB,1.066246,630,1080.8,True
8,64,8,32kB,2,True,1MB,1.066246,631,1592.8,False
8,64,8,32kB,2,True,2MB,1.066246,632,2616.8,False
8,64,8,32kB,4,True,512kB,1.066246,633,1081.6,True
8,64,8,32kB,4,True,1MB,1.066246,634,1593.6,False
8,64,8,32kB,4,True,2MB,1.066246,635,2617.6,False
8,64,8,32kB,8,True,512kB,1.066246,636,1083.2,True
8,64,8,32kB,8,True,1MB,1.066246,637,1595.2,False
8,64,8,32kB,8,True,2MB,1.066246,638,2619.2,False
8,64,8,64kB,2,True,512kB,1.066392,639,1113.6,True
8,64,8,64kB,2,True,1MB,1.066392,640,1625.6,False
8,64,8,64kB,2,True,2MB,1.066392,641,2649.6,False
8,64,8,64kB,4,True,512kB,1.0664,642,1115.2,True
8,64,8,64kB,4,True,1MB,1.0664,643,1627.2,False
8,64,8,64kB,4,True,2MB,1.0664,644,2651.2,False
8,64,8,64kB,8,True,512kB,1.0664,645,1118.4,True
8,64,8,64kB,8,True,1MB,1.0664,646,1630.4,False
8,64,8,64kB,8,True,2MB,1.0664,647,2654.4,False
8,128,2,16kB,2,True,512kB,1.072323,648,1130.4,True
8,128,2,16kB,2,True,1MB,1.072323,649,1642.4,False
8,128,2,16kB,2,True,2MB,1.072323,650,2666.4,False
8,128,2,16kB,4,True,512kB,1.072571,651,1130.8,True
8,128,2,16kB,4,True,1MB,1.072571,652,1642.8,False
8,128,2,16kB,4,True,2MB,1.072571,653,2666.8,False
8,128,2,16kB,8,True,512kB,1.072572,654,1131.6,True
8,128,2,16kB,8,True,1MB,1.072572,655,1643.6,False
8,128,2,16kB,8,True,2MB,1.072572,656,2667.6,False
8,128,2,32kB,2,True,512kB,1.072572,657,1146.8,True
8,128,2,32kB,2,True,1MB,1.072572,658,1658.8,False
8,128,2,32kB,2,True,2MB,1.072572,659,2682.8,False
8,128,2,32kB,4,True,512kB,1.072571,660,1147.6,True
8,128,2,32kB,4,True,1MB,1.072571,661,1659.6,False
8,128,2,32kB,4,True,2MB,1.072571,662,2683.6,False
8,128,2,32kB,8,True,512kB,1.072572,663,1149.2,True
8,128,2,32kB,8,True,1MB,1.072572,664,1661.2,False
8,128,2,32kB,8,True,2MB,1.072572,665,2685.2,False
8,128,2,64kB,2,True,512kB,1.072711,666,1179.6,True
8,128,2,64kB,2,True,1MB,1.072711,667,1691.6,False
8,128,2,64kB,2,True,2MB,1.072711,668,2715.6,False
8,128,2,64kB,4,True,512kB,1.07271,669,1181.2,True
8,128,2,64kB,4,True,1MB,1.07271,670,1693.2,False
8,128,2,64kB,4,True,2MB,1.07271,671,2717.2,False
8,128,2,64kB,8,True,512kB,1.07271,672,1184.4,True
8,128,2,64kB,8,True,1MB,1.07271,673,1696.4,False
8,128,2,64kB,8,True,2MB,1.07271,674,2720.4,False
8,128,4,16kB,2,True,512kB,1.073018,675,1140.4,True
8,128,4,16kB,2,True,1MB,1.073018,676,1652.4,False
8,128,4,16kB,2,True,2MB,1.073018,677,2676.4,False
8,128,4,16kB,4,True,512kB,1.073099,678,1140.8,True
8,128,4,16kB,4,True,1MB,1.073099,679,1652.8,False
8,128,4,16kB,4,True,2MB,1.073099,680,2676.8,False
8,128,4,16kB,8,True,512kB,1.073032,681,1141.6,True
8,128,4,16kB,8,True,1MB,1.073032,682,1653.6,False
8,128,4,16kB,8,True,2MB,1.073032,683,2677.6,False
8,128,4,32kB,2,True,512kB,1.073032,684,1156.8,True
8,128,4,32kB,2,True,1MB,1.073032,685,1668.8,False
8,128,4,32kB,2,True,2MB,1.073032,686,2692.8,False
8,128,4,32kB,4,True,512kB,1.073032,687,1157.6,True
8,128,4,32kB,4,True,1MB,1.073032,688,1669.6,False
8,128,4,32kB,4,True,2MB,1.073032,689,2693.6,False
8,128,4,32kB,8,True,512kB,1.073032,690,1159.2,True
8,128,4,32kB,8,True,1MB,1.073032,691,1671.2,False
8,128,4,32kB,8,True,2MB,1.073032,692,2695.2,False
8,128,4,64kB,2,True,512kB,1.073206,693,1189.6,True
8,128,4,64kB,2,True,1MB,1.073206,694,1701.6,False
8,128,4,64kB,2,True,2MB,1.073206,695,2725.6,False
8,128,4,64kB,4,True,512kB,1.073213,696,1191.2,True
8,128,4,64kB,4,True,1MB,1.073213,697,1703.2,False
8,128,4,64kB,4,True,2MB,1.073213,698,2727.2,False
8,128,4,64kB,8,True,512kB,1.073213,699,1194.4,True
8,128,4,64kB,8,True,1MB,1.073213,700,1706.4,False
8,128,4,64kB,8,True,2MB,1.073213,701,2730.4,False
8,128,8,16kB,2,True,512kB,1.073064,702,1160.4,True
8,128,8,16kB,2,True,1MB,1.073064,703,1672.4,False
8,128,8,16kB,2,True,2MB,1.073064,704,2696.4,False
8,128,8,16kB,4,True,512kB,1.073144,705,1160.8,True
8,128,8,16kB,4,True,1MB,1.073144,706,1672.8,False
8,128,8,16kB,4,True,2MB,1.073144,707,2696.8,False
8,128,8,16kB,8,True,512kB,1.073077,708,1161.6,True
8,128,8,16kB,8,True,1MB,1.073077,709,1673.6,False
8,128,8,16kB,8,True,2MB,1.073077,710,2697.6,False
8,128,8,32kB,2,True,512kB,1.073077,711,1176.8,True
8,128,8,32kB,2,True,1MB,1.073077,712,1688.8,False
8,128,8,32kB,2,True,2MB,1.073077,713,2712.8,False
8,128,8,32kB,4,True,512kB,1.073077,714,1177.6,True
8,128,8,32kB,4,True,1MB,1.073077,715,1689.6,False
8,128,8,32kB,4,True,2MB,1.073077,716,2713.6,False
8,128,8,32kB,8,True,512kB,1.073077,717,1179.2,True
8,128,8,32kB,8,True,1MB,1.073077,718,1691.2,False
8,128,8,32kB,8,True,2MB,1.073077,719,2715.2,False
8,128,8,64kB,2,True,512kB,1.07325,720,1209.6,True
8,128,8,64kB,2,True,1MB,1.07325,721,1721.6,False
8,128,8,64kB,2,True,2MB,1.07325,722,2745.6,False
8,128,8,64kB,4,True,512kB,1.073252,723,1211.2,True
8,128,8,64kB,4,True,1MB,1.073252,724,1723.2,False
8,128,8,64kB,4,True,2MB,1.073252,725,2747.2,False
8,128,8,64kB,8,True,512kB,1.073252,726,1214.4,True
8,128,8,64kB,8,True,1MB,1.073252,727,1726.4,False
8,128,8,64kB,8,True,2MB,1.073252,728,2750.4,False
2,32,2,16kB,2,False,inactive,0.897706,729,174.4,True
2,32,2,16kB,4,False,inactive,0.897778,730,174.8,True
2,32,2,16kB,8,False,inactive,0.897829,731,175.6,True
2,32,2,32kB,2,False,inactive,0.897643,732,190.8,True
2,32,2,32kB,4,False,inactive,0.897777,733,191.6,True
2,32,2,32kB,8,False,inactive,0.897766,734,193.2,True
2,32,2,64kB,2,False,inactive,0.898011,735,223.6,True
2,32,2,64kB,4,False,inactive,0.898029,736,225.2,True
2,32,2,64kB,8,False,inactive,0.898029,737,228.4,True
2,32,4,16kB,2,False,inactive,0.897707,738,184.4,True
2,32,4,16kB,4,False,inactive,0.897779,739,184.8,True
2,32,4,16kB,8,False,inactive,0.897839,740,185.6,True
2,32,4,32kB,2,False,inactive,0.897953,741,200.8,True
2,32,4,32kB,4,False,inactive,0.897876,742,201.6,True
2,32,4,32kB,8,False,inactive,0.897849,743,203.2,True
2,32,4,64kB,2,False,inactive,0.898314,744,233.6,True
2,32,4,64kB,4,False,inactive,0.898332,745,235.2,True
2,32,4,64kB,8,False,inactive,0.898332,746,238.4,True
2,32,8,16kB,2,False,inactive,0.897707,747,204.4,True
2,32,8,16kB,4,False,inactive,0.897779,748,204.8,True
2,32,8,16kB,8,False,inactive,0.897839,749,205.6,True
2,32,8,32kB,2,False,inactive,0.897953,750,220.8,True
2,32,8,32kB,4,False,inactive,0.897876,751,221.6,True
2,32,8,32kB,8,False,inactive,0.897849,752,223.2,True
2,32,8,64kB,2,False,inactive,0.898314,753,253.6,True
2,32,8,64kB,4,False,inactive,0.898332,754,255.2,True
2,32,8,64kB,8,False,inactive,0.898332,755,258.4,True
2,64,2,16kB,2,False,inactive,0.890663,756,222.4,True
2,64,2,16kB,4,False,inactive,0.890703,757,222.8,True
2,64,2,16kB,8,False,inactive,0.890792,758,223.6,True
2,64,2,32kB,2,False,inactive,0.890626,759,238.8,True
2,64,2,32kB,4,False,inactive,0.890731,760,239.6,True
2,64,2,32kB,8,False,inactive,0.890662,761,241.2,True
2,64,2,64kB,2,False,inactive,0.890954,762,271.6,True
2,64,2,64kB,4,False,inactive,0.890965,763,273.2,True
2,64,2,64kB,8,False,inactive,0.890965,764,276.4,True
2,64,4,16kB,2,False,inactive,0.890724,765,232.4,True
2,64,4,16kB,4,False,inactive,0.89077,766,232.8,True
2,64,4,16kB,8,False,inactive,0.890863,767,233.6,True
2,64,4,32kB,2,False,inactive,0.890704,768,248.8,True
2,64,4,32kB,4,False,inactive,0.890792,769,249.6,True
2,64,4,32kB,8,False,inactive,0.890722,770,251.2,True
2,64,4,64kB,2,False,inactive,0.891013,771,281.6,True
2,64,4,64kB,4,False,inactive,0.891024,772,283.2,True
2,64,4,64kB,8,False,inactive,0.891024,773,286.4,True
2,64,8,16kB,2,False,inactive,0.890724,774,252.4,True
2,64,8,16kB,4,False,inactive,0.89077,775,252.8,True
2,64,8,16kB,8,False,inactive,0.890863,776,253.6,True
2,64,8,32kB,2,False,inactive,0.890704,777,268.8,True
2,64,8,32kB,4,False,inactive,0.890792,778,269.6,True
2,64,8,32kB,8,False,inactive,0.890722,779,271.2,True
2,64,8,64kB,2,False,inactive,0.891013,780,301.6,True
2,64,8,64kB,4,False,inactive,0.891024,781,303.2,True
2,64,8,64kB,8,False,inactive,0.891024,782,306.4,True
2,128,2,16kB,2,False,inactive,0.87421,783,318.4,True
2,128,2,16kB,4,False,inactive,0.874275,784,318.8,True
2,128,2,16kB,8,False,inactive,0.874552,785,319.6,True
2,128,2,32kB,2,False,inactive,0.874338,786,334.8,True
2,128,2,32kB,4,False,inactive,0.874417,787,335.6,True
2,128,2,32kB,8,False,inactive,0.874417,788,337.2,True
2,128,2,64kB,2,False,inactive,0.874718,789,367.6,True
2,128,2,64kB,4,False,inactive,0.87473,790,369.2,True
2,128,2,64kB,8,False,inactive,0.87473,791,372.4,True
2,128,4,16kB,2,False,inactive,0.874301,792,328.4,True
2,128,4,16kB,4,False,inactive,0.87435,793,328.8,True
2,128,4,16kB,8,False,inactive,0.874693,794,329.6,True
2,128,4,32kB,2,False,inactive,0.874433,795,344.8,True
2,128,4,32kB,4,False,inactive,0.874528,796,345.6,True
2,128,4,32kB,8,False,inactive,0.874528,797,347.2,True
2,128,4,64kB,2,False,inactive,0.874788,798,377.6,True
2,128,4,64kB,4,False,inactive,0.874801,799,379.2,True
2,128,4,64kB,8,False,inactive,0.874801,800,382.4,True
2,128,8,16kB,2,False,inactive,0.874306,801,348.4,True
2,128,8,16kB,4,False,inactive,0.874362,802,348.8,True
2,128,8,16kB,8,False,inactive,0.874705,803,349.6,True
2,128,8,32kB,2,False,inactive,0.874445,804,364.8,True
2,128,8,32kB,4,False,inactive,0.87454,805,365.6,True
2,128,8,32kB,8,False,inactive,0.87454,806,367.2,True
2,128,8,64kB,2,False,inactive,0.874801,807,397.6,True
2,128,8,64kB,4,False,inactive,0.874813,808,399.2,True
2,128,8,64kB,8,False,inactive,0.874813,809,402.4,True
4,32,2,16kB,2,False,inactive,1.057162,810,274.4,True
4,32,2,16kB,4,False,inactive,1.057211,811,274.8,True
4,32,2,16kB,8,False,inactive,1.057349,812,275.6,True
4,32,2,32kB,2,False,inactive,1.057045,813,290.8,True
4,32,2,32kB,4,False,inactive,1.057225,814,291.6,True
4,32,2,32kB,8,False,inactive,1.057162,815,293.2,True
4,32,2,64kB,2,False,inactive,1.057621,816,323.6,True
4,32,2,64kB,4,False,inactive,1.057691,817,325.2,True
4,32,2,64kB,8,False,inactive,1.057691,818,328.4,True
4,32,4,16kB,2,False,inactive,1.057217,819,284.4,True
4,32,4,16kB,4,False,inactive,1.057217,820,284.8,True
4,32,4,16kB,8,False,inactive,1.057353,821,285.6,True
4,32,4,32kB,2,False,inactive,1.057045,822,300.8,True
4,32,4,32kB,4,False,inactive,1.057228,823,301.6,True
4,32,4,32kB,8,False,inactive,1.057229,824,303.2,True
4,32,4,64kB,2,False,inactive,1.057621,825,333.6,True
4,32,4,64kB,4,False,inactive,1.057691,826,335.2,True
4,32,4,64kB,8,False,inactive,1.057691,827,338.4,True
4,32,8,16kB,2,False,inactive,1.057217,828,304.4,True
4,32,8,16kB,4,False,inactive,1.057217,829,304.8,True
4,32,8,16kB,8,False,inactive,1.057353,830,305.6,True
4,32,8,32kB,2,False,inactive,1.057045,831,320.8,True
4,32,8,32kB,4,False,inactive,1.057228,832,321.6,True
4,32,8,32kB,8,False,inactive,1.057229,833,323.2,True
4,32,8,64kB,2,False,inactive,1.057621,834,353.6,True
4,32,8,64kB,4,False,inactive,1.057691,835,355.2,True
4,32,8,64kB,8,False,inactive,1.057691,836,358.4,True
4,64,2,16kB,2,False,inactive,1.066655,837,322.4,True
4,64,2,16kB,4,False,inactive,1.067199,838,322.8,True
4,64,2,16kB,8,False,inactive,1.067402,839,323.6,True
4,64,2,32kB,2,False,inactive,1.066862,840,338.8,True
4,64,2,32kB,4,False,inactive,1.067199,841,339.6,True
4,64,2,32kB,8,False,inactive,1.067199,842,341.2,True
4,64,2,64kB,2,False,inactive,1.067725,843,371.6,True
4,64,2,64kB,4,False,inactive,1.067775,844,373.2,True
4,64,2,64kB,8,False,inactive,1.067775,845,376.4,True
4,64,4,16kB,2,False,inactive,1.067423,846,332.4,True
4,64,4,16kB,4,False,inactive,1.06772,847,332.8,True
4,64,4,16kB,8,False,inactive,1.067682,848,333.6,True
4,64,4,32kB,2,False,inactive,1.067572,849,348.8,True
4,64,4,32kB,4,False,inactive,1.067599,850,349.6,True
4,64,4,32kB,8,False,inactive,1.067573,851,351.2,True
4,64,4,64kB,2,False,inactive,1.068164,852,381.6,True
4,64,4,64kB,4,False,inactive,1.068164,853,383.2,True
4,64,4,64kB,8,False,inactive,1.068164,854,386.4,True
4,64,8,16kB,2,False,inactive,1.067423,855,352.4,True
4,64,8,16kB,4,False,inactive,1.06772,856,352.8,True
4,64,8,16kB,8,False,inactive,1.067682,857,353.6,True
4,64,8,32kB,2,False,inactive,1.067572,858,368.8,True
4,64,8,32kB,4,False,inactive,1.067599,859,369.6,True
4,64,8,32kB,8,False,inactive,1.067573,860,371.2,True
4,64,8,64kB,2,False,inactive,1.068164,861,401.6,True
4,64,8,64kB,4,False,inactive,1.068164,862,403.2,True
4,64,8,64kB,8,False,inactive,1.068164,863,406.4,True
4,128,2,16kB,2,False,inactive,1.075581,864,418.4,True
4,128,2,16kB,4,False,inactive,1.075874,865,418.8,True
4,128,2,16kB,8,False,inactive,1.075934,866,419.6,True
4,128,2,32kB,2,False,inactive,1.075521,867,434.8,True
4,128,2,32kB,4,False,inactive,1.075782,868,435.6,True
4,128,2,32kB,8,False,inactive,1.075877,869,437.2,True
4,128,2,64kB,2,False,inactive,1.076363,870,467.6,True
4,128,2,64kB,4,False,inactive,1.076407,871,469.2,True
4,128,2,64kB,8,False,inactive,1.076407,872,472.4,True
4,128,4,16kB,2,False,inactive,1.075929,873,428.4,True
4,128,4,16kB,4,False,inactive,1.076015,874,428.8,True
4,128,4,16kB,8,False,inactive,1.076085,875,429.6,True
4,128,4,32kB,2,False,inactive,1.075867,876,444.8,True
4,128,4,32kB,4,False,inactive,1.076054,877,445.6,True
4,128,4,32kB,8,False,inactive,1.076099,878,447.2,True
4,128,4,64kB,2,False,inactive,1.076487,879,477.6,True
4,128,4,64kB,4,False,inactive,1.076513,880,479.2,True
4,128,4,64kB,8,False,inactive,1.076513,881,482.4,True
4,128,8,16kB,2,False,inactive,1.076156,882,448.4,True
4,128,8,16kB,4,False,inactive,1.076273,883,448.8,True
4,128,8,16kB,8,False,inactive,1.076368,884,449.6,True
4,128,8,32kB,2,False,inactive,1.076093,885,464.8,True
4,128,8,32kB,4,False,inactive,1.076162,886,465.6,True
4,128,8,32kB,8,False,inactive,1.076267,887,467.2,True
4,128,8,64kB,2,False,inactive,1.076518,888,497.6,True
4,128,8,64kB,4,False,inactive,1.076544,889,499.2,True
4,128,8,64kB,8,False,inactive,1.076544,890,502.4,True
8,32,2,16kB,2,False,inactive,1.062425,891,474.4,True
8,32,2,16kB,4,False,inactive,1.062635,892,474.8,True
8,32,2,16kB,8,False,inactive,1.06291,893,475.6,True
8,32,2,32kB,2,False,inactive,1.062781,894,490.8,True
8,32,2,32kB,4,False,inactive,1.062653,895,491.6,True
8,32,2,32kB,8,False,inactive,1.062943,896,493.2,True
8,32,2,64kB,2,False,inactive,1.063533,897,523.6,True
8,32,2,64kB,4,False,inactive,1.063608,898,525.2,True
8,32,2,64kB,8,False,inactive,1.063608,899,528.4,True
8,32,4,16kB,2,False,inactive,1.062788,900,484.4,True
8,32,4,16kB,4,False,inactive,1.062831,901,484.8,True
8,32,4,16kB,8,False,inactive,1.063263,902,485.6,True
8,32,4,32kB,2,False,inactive,1.063039,903,500.8,True
8,32,4,32kB,4,False,inactive,1.063037,904,501.6,True
8,32,4,32kB,8,False,inactive,1.063186,905,503.2,True
8,32,4,64kB,2,False,inactive,1.063659,906,533.6,True
8,32,4,64kB,4,False,inactive,1.063718,907,535.2,True
8,32,4,64kB,8,False,inactive,1.063718,908,538.4,True
8,32,8,16kB,2,False,inactive,1.062788,909,504.4,True
8,32,8,16kB,4,False,inactive,1.062831,910,504.8,True
8,32,8,16kB,8,False,inactive,1.063263,911,505.6,True
8,32,8,32kB,2,False,inactive,1.063039,912,520.8,True
8,32,8,32kB,4,False,inactive,1.063037,913,521.6,True
8,32,8,32kB,8,False,inactive,1.063186,914,523.2,True
8,32,8,64kB,2,False,inactive,1.063659,915,553.6,True
8,32,8,64kB,4,False,inactive,1.063718,916,555.2,True
8,32,8,64kB,8,False,inactive,1.063718,917,558.4,True
8,64,2,16kB,2,False,inactive,1.079833,918,522.4,True
8,64,2,16kB,4,False,inactive,1.080436,919,522.8,True
8,64,2,16kB,8,False,inactive,1.080247,920,523.6,True
8,64,2,32kB,2,False,inactive,1.080099,921,538.8,True
8,64,2,32kB,4,False,inactive,1.080003,922,539.6,True
8,64,2,32kB,8,False,inactive,1.080241,923,541.2,True
8,64,2,64kB,2,False,inactive,1.081324,924,571.6,True
8,64,2,64kB,4,False,inactive,1.081388,925,573.2,True
8,64,2,64kB,8,False,inactive,1.081388,926,576.4,True
8,64,4,16kB,2,False,inactive,1.080553,927,532.4,True
8,64,4,16kB,4,False,inactive,1.080674,928,532.8,True
8,64,4,16kB,8,False,inactive,1.080619,929,533.6,True
8,64,4,32kB,2,False,inactive,1.080674,930,548.8,True
8,64,4,32kB,4,False,inactive,1.080674,931,549.6,True
8,64,4,32kB,8,False,inactive,1.081214,932,551.2,True
8,64,4,64kB,2,False,inactive,1.081734,933,581.6,True
8,64,4,64kB,4,False,inactive,1.081782,934,583.2,True
8,64,4,64kB,8,False,inactive,1.081782,935,586.4,True
8,64,8,16kB,2,False,inactive,1.080553,936,552.4,True
8,64,8,16kB,4,False,inactive,1.081408,937,552.8,True
8,64,8,16kB,8,False,inactive,1.080748,938,553.6,True
8,64,8,32kB,2,False,inactive,1.080674,939,568.8,True
8,64,8,32kB,4,False,inactive,1.080674,940,569.6,True
8,64,8,32kB,8,False,inactive,1.081214,941,571.2,True
8,64,8,64kB,2,False,inactive,1.081945,942,601.6,True
8,64,8,64kB,4,False,inactive,1.081993,943,603.2,True
8,64,8,64kB,8,False,inactive,1.081993,944,606.4,True
8,128,2,16kB,2,False,inactive,1.087179,945,618.4,True
8,128,2,16kB,4,False,inactive,1.087238,946,618.8,True
8,128,2,16kB,8,False,inactive,1.087305,947,619.6,True
8,128,2,32kB,2,False,inactive,1.087064,948,634.8,True
8,128,2,32kB,4,False,inactive,1.087368,949,635.6,True
8,128,2,32kB,8,False,inactive,1.087363,950,637.2,True
8,128,2,64kB,2,False,inactive,1.088126,951,667.6,True
8,128,2,64kB,4,False,inactive,1.088242,952,669.2,True
8,128,2,64kB,8,False,inactive,1.088242,953,672.4,True
8,128,4,16kB,2,False,inactive,1.087691,954,628.4,True
8,128,4,16kB,4,False,inactive,1.087969,955,628.8,True
8,128,4,16kB,8,False,inactive,1.087882,956,629.6,True
8,128,4,32kB,2,False,inactive,1.087698,957,644.8,True
8,128,4,32kB,4,False,inactive,1.087903,958,645.6,True
8,128,4,32kB,8,False,inactive,1.087969,959,647.2,True
8,128,4,64kB,2,False,inactive,1.088741,960,677.6,True
8,128,4,64kB,4,False,inactive,1.088794,961,679.2,True
8,128,4,64kB,8,False,inactive,1.088794,962,682.4,True
8,128,8,16kB,2,False,inactive,1.087782,963,648.4,True
8,128,8,16kB,4,False,inactive,1.088001,964,648.8,True
8,128,8,16kB,8,False,inactive,1.087914,965,649.6,True
8,128,8,32kB,2,False,inactive,1.08773,966,664.8,True
8,128,8,32kB,4,False,inactive,1.087934,967,665.6,True
8,128,8,32kB,8,False,inactive,1.088001,968,667.2,True
8,128,8,64kB,2,False,inactive,1.088772,969,697.6,True
8,128,8,64kB,4,False,inactive,1.088826,970,699.2,True
8,128,8,64kB,8,False,inactive,1.088826,971,702.4,True
