config_id,l1d_size,l1d_assoc,l2_size,l2_assoc,ipc
0,16kB,2,512kB,2,0.161662
1,16kB,2,512kB,4,0.161662
2,16kB,2,512kB,8,0.161662
3,16kB,2,512kB,16,0.161662
4,16kB,2,1MB,2,0.161662
5,16kB,2,1MB,4,0.161662
6,16kB,2,1MB,8,0.161662
7,16kB,2,1MB,16,0.161662
8,16kB,2,2MB,2,0.161662
9,16kB,2,2MB,4,0.161662
10,16kB,2,2MB,8,0.161662
11,16kB,2,2MB,16,0.161662
12,16kB,2,4MB,2,0.161662
13,16kB,2,4MB,4,0.161662
14,16kB,2,4MB,8,0.161662
15,16kB,2,4MB,16,0.161662
16,16kB,4,512kB,2,0.16181
17,16kB,4,512kB,4,0.16181
18,16kB,4,512kB,8,0.16181
19,16kB,4,512kB,16,0.16181
20,16kB,4,1MB,2,0.16181
21,16kB,4,1MB,4,0.16181
22,16kB,4,1MB,8,0.16181
23,16kB,4,1MB,16,0.16181
24,16kB,4,2MB,2,0.16181
25,16kB,4,2MB,4,0.16181
26,16kB,4,2MB,8,0.16181
27,16kB,4,2MB,16,0.16181
28,16kB,4,4MB,2,0.16181
29,16kB,4,4MB,4,0.16181
30,16kB,4,4MB,8,0.16181
31,16kB,4,4MB,16,0.16181
32,16kB,8,512kB,2,0.164581
33,16kB,8,512kB,4,0.164581
34,16kB,8,512kB,8,0.164581
35,16kB,8,512kB,16,0.164581
36,16kB,8,1MB,2,0.164581
37,16kB,8,1MB,4,0.164581
38,16kB,8,1MB,8,0.164581
39,16kB,8,1MB,16,0.164581
40,16kB,8,2MB,2,0.164581
41,16kB,8,2MB,4,0.164581
42,16kB,8,2MB,8,0.164581
43,16kB,8,2MB,16,0.164581
44,16kB,8,4MB,2,0.164581
45,16kB,8,4MB,4,0.164581
46,16kB,8,4MB,8,0.164581
47,16kB,8,4MB,16,0.164581
48,16kB,16,512kB,2,0.588505
49,16kB,16,512kB,4,0.588505
50,16kB,16,512kB,8,0.588505
51,16kB,16,512kB,16,0.588505
52,16kB,16,1MB,2,0.588505
53,16kB,16,1MB,4,0.588505
54,16kB,16,1MB,8,0.588505
55,16kB,16,1MB,16,0.588505
56,16kB,16,2MB,2,0.588505
57,16kB,16,2MB,4,0.588505
58,16kB,16,2MB,8,0.588505
59,16kB,16,2MB,16,0.588505
60,16kB,16,4MB,2,0.588505
61,16kB,16,4MB,4,0.588505
62,16kB,16,4MB,8,0.588505
63,16kB,16,4MB,16,0.588505
64,32kB,2,512kB,2,0.161617
65,32kB,2,512kB,4,0.161617
66,32kB,2,512kB,8,0.161617
67,32kB,2,512kB,16,0.161617
68,32kB,2,1MB,2,0.161617
69,32kB,2,1MB,4,0.161617
70,32kB,2,1MB,8,0.161617
71,32kB,2,1MB,16,0.161617
72,32kB,2,2MB,2,0.161617
73,32kB,2,2MB,4,0.161617
74,32kB,2,2MB,8,0.161617
75,32kB,2,2MB,16,0.161617
76,32kB,2,4MB,2,0.161617
77,32kB,2,4MB,4,0.161617
78,32kB,2,4MB,8,0.161617
79,32kB,2,4MB,16,0.161617
80,32kB,4,512kB,2,0.161683
81,32kB,4,512kB,4,0.161683
82,32kB,4,512kB,8,0.161683
83,32kB,4,512kB,16,0.161683
84,32kB,4,1MB,2,0.161683
85,32kB,4,1MB,4,0.161683
86,32kB,4,1MB,8,0.161683
87,32kB,4,1MB,16,0.161683
88,32kB,4,2MB,2,0.161683
89,32kB,4,2MB,4,0.161683
90,32kB,4,2MB,8,0.161683
91,32kB,4,2MB,16,0.161683
92,32kB,4,4MB,2,0.161683
93,32kB,4,4MB,4,0.161683
94,32kB,4,4MB,8,0.161683
95,32kB,4,4MB,16,0.161683
96,32kB,8,512kB,2,0.164581
97,32kB,8,512kB,4,0.164581
98,32kB,8,512kB,8,0.164581
99,32kB,8,512kB,16,0.164581
100,32kB,8,1MB,2,0.164581
101,32kB,8,1MB,4,0.164581
102,32kB,8,1MB,8,0.164581
103,32kB,8,1MB,16,0.164581
104,32kB,8,2MB,2,0.164581
105,32kB,8,2MB,4,0.164581
106,32kB,8,2MB,8,0.164581
107,32kB,8,2MB,16,0.164581
108,32kB,8,4MB,2,0.164581
109,32kB,8,4MB,4,0.164581
110,32kB,8,4MB,8,0.164581
111,32kB,8,4MB,16,0.164581
112,32kB,16,512kB,2,0.588505
113,32kB,16,512kB,4,0.588505
114,32kB,16,512kB,8,0.588505
115,32kB,16,512kB,16,0.588505
116,32kB,16,1MB,2,0.588505
117,32kB,16,1MB,4,0.588505
118,32kB,16,1MB,8,0.588505
119,32kB,16,1MB,16,0.588505
120,32kB,16,2MB,2,0.588505
121,32kB,16,2MB,4,0.588505
122,32kB,16,2MB,8,0.588505
123,32kB,16,2MB,16,0.588505
124,32kB,16,4MB,2,0.588505
125,32kB,16,4MB,4,0.588505
126,32kB,16,4MB,8,0.588505
127,32kB,16,4MB,16,0.588505
128,64kB,2,512kB,2,0.161829
129,64kB,2,512kB,4,0.161829
130,64kB,2,512kB,8,0.161829
131,64kB,2,512kB,16,0.161829
132,64kB,2,1MB,2,0.161829
133,64kB,2,1MB,4,0.161829
134,64kB,2,1MB,8,0.161829
135,64kB,2,1MB,16,0.161829
136,64kB,2,2MB,2,0.161829
137,64kB,2,2MB,4,0.161829
138,64kB,2,2MB,8,0.161829
139,64kB,2,2MB,16,0.161829
140,64kB,2,4MB,2,0.161829
141,64kB,2,4MB,4,0.161829
142,64kB,2,4MB,8,0.161829
143,64kB,2,4MB,16,0.161829
144,64kB,4,512kB,2,0.161835
145,64kB,4,512kB,4,0.161835
146,64kB,4,512kB,8,0.161835
147,64kB,4,512kB,16,0.161835
148,64kB,4,1MB,2,0.161835
149,64kB,4,1MB,4,0.161835
150,64kB,4,1MB,8,0.161835
151,64kB,4,1MB,16,0.161835
152,64kB,4,2MB,2,0.161835
153,64kB,4,2MB,4,0.161835
154,64kB,4,2MB,8,0.161835
155,64kB,4,2MB,16,0.161835
156,64kB,4,4MB,2,0.161835
157,64kB,4,4MB,4,0.161835
158,64kB,4,4MB,8,0.161835
159,64kB,4,4MB,16,0.161835
160,64kB,8,512kB,2,0.16675
161,64kB,8,512kB,4,0.16675
162,64kB,8,512kB,8,0.16675
163,64kB,8,512kB,16,0.16675
164,64kB,8,1MB,2,0.16675
165,64kB,8,1MB,4,0.16675
166,64kB,8,1MB,8,0.16675
167,64kB,8,1MB,16,0.16675
168,64kB,8,2MB,2,0.16675
169,64kB,8,2MB,4,0.16675
170,64kB,8,2MB,8,0.16675
171,64kB,8,2MB,16,0.16675
172,64kB,8,4MB,2,0.16675
173,64kB,8,4MB,4,0.16675
174,64kB,8,4MB,8,0.16675
175,64kB,8,4MB,16,0.16675
176,64kB,16,512kB,2,0.588312
177,64kB,16,512kB,4,0.588312
178,64kB,16,512kB,8,0.588312
179,64kB,16,512kB,16,0.588312
180,64kB,16,1MB,2,0.588312
181,64kB,16,1MB,4,0.588312
182,64kB,16,1MB,8,0.588312
183,64kB,16,1MB,16,0.588312
184,64kB,16,2MB,2,0.588312
185,64kB,16,2MB,4,0.588312
186,64kB,16,2MB,8,0.588312
187,64kB,16,2MB,16,0.588312
188,64kB,16,4MB,2,0.588312
189,64kB,16,4MB,4,0.588312
190,64kB,16,4MB,8,0.588312
191,64kB,16,4MB,16,0.588312
192,128kB,2,512kB,2,0.161721
193,128kB,2,512kB,4,0.161721
194,128kB,2,512kB,8,0.161721
195,128kB,2,512kB,16,0.161721
196,128kB,2,1MB,2,0.161721
197,128kB,2,1MB,4,0.161721
198,128kB,2,1MB,8,0.161721
199,128kB,2,1MB,16,0.161721
200,128kB,2,2MB,2,0.161721
201,128kB,2,2MB,4,0.161721
202,128kB,2,2MB,8,0.161721
203,128kB,2,2MB,16,0.161721
204,128kB,2,4MB,2,0.161721
205,128kB,2,4MB,4,0.161721
206,128kB,2,4MB,8,0.161721
207,128kB,2,4MB,16,0.161721
208,128kB,4,512kB,2,0.161835
209,128kB,4,512kB,4,0.161835
210,128kB,4,512kB,8,0.161835
211,128kB,4,512kB,16,0.161835
212,128kB,4,1MB,2,0.161835
213,128kB,4,1MB,4,0.161835
214,128kB,4,1MB,8,0.161835
215,128kB,4,1MB,16,0.161835
216,128kB,4,2MB,2,0.161835
217,128kB,4,2MB,4,0.161835
218,128kB,4,2MB,8,0.161835
219,128kB,4,2MB,16,0.161835
220,128kB,4,4MB,2,0.161835
221,128kB,4,4MB,4,0.161835
222,128kB,4,4MB,8,0.161835
223,128kB,4,4MB,16,0.161835
224,128kB,8,512kB,2,0.16675
225,128kB,8,512kB,4,0.16675
226,128kB,8,512kB,8,0.16675
227,128kB,8,512kB,16,0.16675
228,128kB,8,1MB,2,0.16675
229,128kB,8,1MB,4,0.16675
230,128kB,8,1MB,8,0.16675
231,128kB,8,1MB,16,0.16675
232,128kB,8,2MB,2,0.16675
233,128kB,8,2MB,4,0.16675
234,128kB,8,2MB,8,0.16675
235,128kB,8,2MB,16,0.16675
236,128kB,8,4MB,2,0.16675
237,128kB,8,4MB,4,0.16675
238,128kB,8,4MB,8,0.16675
239,128kB,8,4MB,16,0.16675
240,128kB,16,512kB,2,0.588312
241,128kB,16,512kB,4,0.588312
242,128kB,16,512kB,8,0.588312
243,128kB,16,512kB,16,0.588312
244,128kB,16,1MB,2,0.588312
245,128kB,16,1MB,4,0.588312
246,128kB,16,1MB,8,0.588312
247,128kB,16,1MB,16,0.588312
248,128kB,16,2MB,2,0.588312
249,128kB,16,2MB,4,0.588312
250,128kB,16,2MB,8,0.588312
251,128kB,16,2MB,16,0.588312
252,128kB,16,4MB,2,0.588312
253,128kB,16,4MB,4,0.588312
254,128kB,16,4MB,8,0.588312
255,128kB,16,4MB,16,0.588312
