config_id,issue_width,rob_size,l1d_mshrs,l1d_size,l1d_assoc,l2_size,ipc
0,2,32,2,16kB,2,512kB,0.473365
1,2,32,2,16kB,2,1MB,0.529719
2,2,32,2,16kB,2,2MB,0.599599
3,2,32,2,16kB,4,512kB,0.473479
4,2,32,2,16kB,4,1MB,0.529425
5,2,32,2,16kB,4,2MB,0.599599
6,2,32,2,16kB,8,512kB,0.473415
7,2,32,2,16kB,8,1MB,0.529448
8,2,32,2,16kB,8,2MB,0.599599
9,2,32,2,32kB,2,512kB,0.474529
10,2,32,2,32kB,2,1MB,0.530142
11,2,32,2,32kB,2,2MB,0.599618
12,2,32,2,32kB,4,512kB,0.47458
13,2,32,2,32kB,4,1MB,0.530204
14,2,32,2,32kB,4,2MB,0.599616
15,2,32,2,32kB,8,512kB,0.474359
16,2,32,2,32kB,8,1MB,0.530032
17,2,32,2,32kB,8,2MB,0.599616
18,2,32,2,64kB,2,512kB,0.475924
19,2,32,2,64kB,2,1MB,0.531799
20,2,32,2,64kB,2,2MB,0.599662
21,2,32,2,64kB,4,512kB,0.475805
22,2,32,2,64kB,4,1MB,0.531683
23,2,32,2,64kB,4,2MB,0.599662
24,2,32,2,64kB,8,512kB,0.475524
25,2,32,2,64kB,8,1MB,0.531639
26,2,32,2,64kB,8,2MB,0.599662
27,2,32,4,16kB,2,512kB,0.473526
28,2,32,4,16kB,2,1MB,0.529602
29,2,32,4,16kB,2,2MB,0.599599
30,2,32,4,16kB,4,512kB,0.473784
31,2,32,4,16kB,4,1MB,0.529657
32,2,32,4,16kB,4,2MB,0.59968
33,2,32,4,16kB,8,512kB,0.473612
34,2,32,4,16kB,8,1MB,0.529697
35,2,32,4,16kB,8,2MB,0.59968
36,2,32,4,32kB,2,512kB,0.474689
37,2,32,4,32kB,2,1MB,0.530371
38,2,32,4,32kB,2,2MB,0.599683
39,2,32,4,32kB,4,512kB,0.474667
40,2,32,4,32kB,4,1MB,0.530303
41,2,32,4,32kB,4,2MB,0.599683
42,2,32,4,32kB,8,512kB,0.474635
43,2,32,4,32kB,8,1MB,0.530311
44,2,32,4,32kB,8,2MB,0.599683
45,2,32,4,64kB,2,512kB,0.47595
46,2,32,4,64kB,2,1MB,0.531821
47,2,32,4,64kB,2,2MB,0.599889
48,2,32,4,64kB,4,512kB,0.475819
49,2,32,4,64kB,4,1MB,0.531705
50,2,32,4,64kB,4,2MB,0.599885
51,2,32,4,64kB,8,512kB,0.475545
52,2,32,4,64kB,8,1MB,0.531661
53,2,32,4,64kB,8,2MB,0.599882
54,2,32,8,16kB,2,512kB,0.473526
55,2,32,8,16kB,2,1MB,0.529602
56,2,32,8,16kB,2,2MB,0.599599
57,2,32,8,16kB,4,512kB,0.473784
58,2,32,8,16kB,4,1MB,0.529657
59,2,32,8,16kB,4,2MB,0.59968
60,2,32,8,16kB,8,512kB,0.473612
61,2,32,8,16kB,8,1MB,0.529697
62,2,32,8,16kB,8,2MB,0.59968
63,2,32,8,32kB,2,512kB,0.474689
64,2,32,8,32kB,2,1MB,0.530371
65,2,32,8,32kB,2,2MB,0.599683
66,2,32,8,32kB,4,512kB,0.474667
67,2,32,8,32kB,4,1MB,0.530303
68,2,32,8,32kB,4,2MB,0.599683
69,2,32,8,32kB,8,512kB,0.474635
70,2,32,8,32kB,8,1MB,0.530311
71,2,32,8,32kB,8,2MB,0.599683
72,2,32,8,64kB,2,512kB,0.47595
73,2,32,8,64kB,2,1MB,0.531821
74,2,32,8,64kB,2,2MB,0.599889
75,2,32,8,64kB,4,512kB,0.475819
76,2,32,8,64kB,4,1MB,0.531705
77,2,32,8,64kB,4,2MB,0.599885
78,2,32,8,64kB,8,512kB,0.475545
79,2,32,8,64kB,8,1MB,0.531661
80,2,32,8,64kB,8,2MB,0.599882
81,2,64,2,16kB,2,512kB,0.475104
82,2,64,2,16kB,2,1MB,0.531659
83,2,64,2,16kB,2,2MB,0.602079
84,2,64,2,16kB,4,512kB,0.475104
85,2,64,2,16kB,4,1MB,0.531699
86,2,64,2,16kB,4,2MB,0.602079
87,2,64,2,16kB,8,512kB,0.47503
88,2,64,2,16kB,8,1MB,0.531699
89,2,64,2,16kB,8,2MB,0.602079
90,2,64,2,32kB,2,512kB,0.475963
91,2,64,2,32kB,2,1MB,0.532449
92,2,64,2,32kB,2,2MB,0.602082
93,2,64,2,32kB,4,512kB,0.47613
94,2,64,2,32kB,4,1MB,0.53258
95,2,64,2,32kB,4,2MB,0.602079
96,2,64,2,32kB,8,512kB,0.475963
97,2,64,2,32kB,8,1MB,0.532374
98,2,64,2,32kB,8,2MB,0.602079
99,2,64,2,64kB,2,512kB,0.477388
100,2,64,2,64kB,2,1MB,0.533799
101,2,64,2,64kB,2,2MB,0.602157
102,2,64,2,64kB,4,512kB,0.477238
103,2,64,2,64kB,4,1MB,0.533584
104,2,64,2,64kB,4,2MB,0.602155
105,2,64,2,64kB,8,512kB,0.477054
106,2,64,2,64kB,8,1MB,0.533597
107,2,64,2,64kB,8,2MB,0.602136
108,2,64,4,16kB,2,512kB,0.475139
109,2,64,4,16kB,2,1MB,0.531717
110,2,64,4,16kB,2,2MB,0.60211
111,2,64,4,16kB,4,512kB,0.475139
112,2,64,4,16kB,4,1MB,0.531758
113,2,64,4,16kB,4,2MB,0.60211
114,2,64,4,16kB,8,512kB,0.475065
115,2,64,4,16kB,8,1MB,0.531758
116,2,64,4,16kB,8,2MB,0.60211
117,2,64,4,32kB,2,512kB,0.476025
118,2,64,4,32kB,2,1MB,0.532485
119,2,64,4,32kB,2,2MB,0.602112
120,2,64,4,32kB,4,512kB,0.476167
121,2,64,4,32kB,4,1MB,0.532645
122,2,64,4,32kB,4,2MB,0.60211
123,2,64,4,32kB,8,512kB,0.476025
124,2,64,4,32kB,8,1MB,0.532439
125,2,64,4,32kB,8,2MB,0.60211
126,2,64,4,64kB,2,512kB,0.477416
127,2,64,4,64kB,2,1MB,0.533858
128,2,64,4,64kB,2,2MB,0.602188
129,2,64,4,64kB,4,512kB,0.47726
130,2,64,4,64kB,4,1MB,0.533643
131,2,64,4,64kB,4,2MB,0.602185
132,2,64,4,64kB,8,512kB,0.477094
133,2,64,4,64kB,8,1MB,0.533656
134,2,64,4,64kB,8,2MB,0.602166
135,2,64,8,16kB,2,512kB,0.475139
136,2,64,8,16kB,2,1MB,0.531717
137,2,64,8,16kB,2,2MB,0.60211
138,2,64,8,16kB,4,512kB,0.475139
139,2,64,8,16kB,4,1MB,0.531758
140,2,64,8,16kB,4,2MB,0.60211
141,2,64,8,16kB,8,512kB,0.475065
142,2,64,8,16kB,8,1MB,0.531758
143,2,64,8,16kB,8,2MB,0.60211
144,2,64,8,32kB,2,512kB,0.476025
145,2,64,8,32kB,2,1MB,0.532485
146,2,64,8,32kB,2,2MB,0.602112
147,2,64,8,32kB,4,512kB,0.476167
148,2,64,8,32kB,4,1MB,0.532645
149,2,64,8,32kB,4,2MB,0.60211
150,2,64,8,32kB,8,512kB,0.476025
151,2,64,8,32kB,8,1MB,0.532439
152,2,64,8,32kB,8,2MB,0.60211
153,2,64,8,64kB,2,512kB,0.477416
154,2,64,8,64kB,2,1MB,0.533858
155,2,64,8,64kB,2,2MB,0.602188
156,2,64,8,64kB,4,512kB,0.47726
157,2,64,8,64kB,4,1MB,0.533643
158,2,64,8,64kB,4,2MB,0.602185
159,2,64,8,64kB,8,512kB,0.477094
160,2,64,8,64kB,8,1MB,0.533656
161,2,64,8,64kB,8,2MB,0.602166
162,2,128,2,16kB,2,512kB,0.477299
163,2,128,2,16kB,2,1MB,0.534106
164,2,128,2,16kB,2,2MB,0.60562
165,2,128,2,16kB,4,512kB,0.477299
166,2,128,2,16kB,4,1MB,0.534053
167,2,128,2,16kB,4,2MB,0.60562
168,2,128,2,16kB,8,512kB,0.477266
169,2,128,2,16kB,8,1MB,0.534074
170,2,128,2,16kB,8,2MB,0.60562
171,2,128,2,32kB,2,512kB,0.47805
172,2,128,2,32kB,2,1MB,0.534754
173,2,128,2,32kB,2,2MB,0.605642
174,2,128,2,32kB,4,512kB,0.4781
175,2,128,2,32kB,4,1MB,0.534867
176,2,128,2,32kB,4,2MB,0.605638
177,2,128,2,32kB,8,512kB,0.477923
178,2,128,2,32kB,8,1MB,0.534643
179,2,128,2,32kB,8,2MB,0.605638
180,2,128,2,64kB,2,512kB,0.479716
181,2,128,2,64kB,2,1MB,0.536518
182,2,128,2,64kB,2,2MB,0.605685
183,2,128,2,64kB,4,512kB,0.479954
184,2,128,2,64kB,4,1MB,0.536368
185,2,128,2,64kB,4,2MB,0.605678
186,2,128,2,64kB,8,512kB,0.479563
187,2,128,2,64kB,8,1MB,0.536302
188,2,128,2,64kB,8,2MB,0.60569
189,2,128,4,16kB,2,512kB,0.477341
190,2,128,4,16kB,2,1MB,0.534277
191,2,128,4,16kB,2,2MB,0.605772
192,2,128,4,16kB,4,512kB,0.477341
193,2,128,4,16kB,4,1MB,0.534284
194,2,128,4,16kB,4,2MB,0.605772
195,2,128,4,16kB,8,512kB,0.477301
196,2,128,4,16kB,8,1MB,0.534324
197,2,128,4,16kB,8,2MB,0.605772
198,2,128,4,32kB,2,512kB,0.478037
199,2,128,4,32kB,2,1MB,0.535422
200,2,128,4,32kB,2,2MB,0.605789
201,2,128,4,32kB,4,512kB,0.478007
202,2,128,4,32kB,4,1MB,0.535244
203,2,128,4,32kB,4,2MB,0.605784
204,2,128,4,32kB,8,512kB,0.477921
205,2,128,4,32kB,8,1MB,0.535164
206,2,128,4,32kB,8,2MB,0.605784
207,2,128,4,64kB,2,512kB,0.479756
208,2,128,4,64kB,2,1MB,0.536576
209,2,128,4,64kB,2,2MB,0.605856
210,2,128,4,64kB,4,512kB,0.479815
211,2,128,4,64kB,4,1MB,0.536424
212,2,128,4,64kB,4,2MB,0.605826
213,2,128,4,64kB,8,512kB,0.479448
214,2,128,4,64kB,8,1MB,0.536356
215,2,128,4,64kB,8,2MB,0.605826
216,2,128,8,16kB,2,512kB,0.477347
217,2,128,8,16kB,2,1MB,0.534283
218,2,128,8,16kB,2,2MB,0.605781
219,2,128,8,16kB,4,512kB,0.477347
220,2,128,8,16kB,4,1MB,0.53429
221,2,128,8,16kB,4,2MB,0.605781
222,2,128,8,16kB,8,512kB,0.477306
223,2,128,8,16kB,8,1MB,0.534331
224,2,128,8,16kB,8,2MB,0.605781
225,2,128,8,32kB,2,512kB,0.478042
226,2,128,8,32kB,2,1MB,0.535428
227,2,128,8,32kB,2,2MB,0.605797
228,2,128,8,32kB,4,512kB,0.478013
229,2,128,8,32kB,4,1MB,0.535259
230,2,128,8,32kB,4,2MB,0.605793
231,2,128,8,32kB,8,512kB,0.477926
232,2,128,8,32kB,8,1MB,0.53518
233,2,128,8,32kB,8,2MB,0.605793
234,2,128,8,64kB,2,512kB,0.479762
235,2,128,8,64kB,2,1MB,0.536583
236,2,128,8,64kB,2,2MB,0.605865
237,2,128,8,64kB,4,512kB,0.47982
238,2,128,8,64kB,4,1MB,0.536431
239,2,128,8,64kB,4,2MB,0.605834
240,2,128,8,64kB,8,512kB,0.479453
241,2,128,8,64kB,8,1MB,0.536363
242,2,128,8,64kB,8,2MB,0.605834
243,4,32,2,16kB,2,512kB,0.47808
244,4,32,2,16kB,2,1MB,0.535068
245,4,32,2,16kB,2,2MB,0.607136
246,4,32,2,16kB,4,512kB,0.478019
247,4,32,2,16kB,4,1MB,0.535142
248,4,32,2,16kB,4,2MB,0.607136
249,4,32,2,16kB,8,512kB,0.478018
250,4,32,2,16kB,8,1MB,0.535213
251,4,32,2,16kB,8,2MB,0.607136
252,4,32,2,32kB,2,512kB,0.478413
253,4,32,2,32kB,2,1MB,0.536156
254,4,32,2,32kB,2,2MB,0.607152
255,4,32,2,32kB,4,512kB,0.478501
256,4,32,2,32kB,4,1MB,0.536243
257,4,32,2,32kB,4,2MB,0.607148
258,4,32,2,32kB,8,512kB,0.478386
259,4,32,2,32kB,8,1MB,0.536204
260,4,32,2,32kB,8,2MB,0.607148
261,4,32,2,64kB,2,512kB,0.480969
262,4,32,2,64kB,2,1MB,0.537936
263,4,32,2,64kB,2,2MB,0.607313
264,4,32,2,64kB,4,512kB,0.480776
265,4,32,2,64kB,4,1MB,0.537859
266,4,32,2,64kB,4,2MB,0.607306
267,4,32,2,64kB,8,512kB,0.480445
268,4,32,2,64kB,8,1MB,0.537565
269,4,32,2,64kB,8,2MB,0.607303
270,4,32,4,16kB,2,512kB,0.478106
271,4,32,4,16kB,2,1MB,0.535213
272,4,32,4,16kB,2,2MB,0.607137
273,4,32,4,16kB,4,512kB,0.478044
274,4,32,4,16kB,4,1MB,0.535179
275,4,32,4,16kB,4,2MB,0.607137
276,4,32,4,16kB,8,512kB,0.478044
277,4,32,4,16kB,8,1MB,0.535244
278,4,32,4,16kB,8,2MB,0.607137
279,4,32,4,32kB,2,512kB,0.478437
280,4,32,4,32kB,2,1MB,0.536187
281,4,32,4,32kB,2,2MB,0.607154
282,4,32,4,32kB,4,512kB,0.478526
283,4,32,4,32kB,4,1MB,0.536272
284,4,32,4,32kB,4,2MB,0.607149
285,4,32,4,32kB,8,512kB,0.47841
286,4,32,4,32kB,8,1MB,0.536235
287,4,32,4,32kB,8,2MB,0.607149
288,4,32,4,64kB,2,512kB,0.480997
289,4,32,4,64kB,2,1MB,0.537968
290,4,32,4,64kB,2,2MB,0.607314
291,4,32,4,64kB,4,512kB,0.480804
292,4,32,4,64kB,4,1MB,0.537891
293,4,32,4,64kB,4,2MB,0.607307
294,4,32,4,64kB,8,512kB,0.480458
295,4,32,4,64kB,8,1MB,0.537597
296,4,32,4,64kB,8,2MB,0.607305
297,4,32,8,16kB,2,512kB,0.478106
298,4,32,8,16kB,2,1MB,0.535213
299,4,32,8,16kB,2,2MB,0.607137
300,4,32,8,16kB,4,512kB,0.478044
301,4,32,8,16kB,4,1MB,0.535179
302,4,32,8,16kB,4,2MB,0.607137
303,4,32,8,16kB,8,512kB,0.478044
304,4,32,8,16kB,8,1MB,0.535244
305,4,32,8,16kB,8,2MB,0.607137
306,4,32,8,32kB,2,512kB,0.478437
307,4,32,8,32kB,2,1MB,0.536187
308,4,32,8,32kB,2,2MB,0.607154
309,4,32,8,32kB,4,512kB,0.478526
310,4,32,8,32kB,4,1MB,0.536272
311,4,32,8,32kB,4,2MB,0.607149
312,4,32,8,32kB,8,512kB,0.47841
313,4,32,8,32kB,8,1MB,0.536235
314,4,32,8,32kB,8,2MB,0.607149
315,4,32,8,64kB,2,512kB,0.480997
316,4,32,8,64kB,2,1MB,0.537968
317,4,32,8,64kB,2,2MB,0.607314
318,4,32,8,64kB,4,512kB,0.480804
319,4,32,8,64kB,4,1MB,0.537891
320,4,32,8,64kB,4,2MB,0.607307
321,4,32,8,64kB,8,512kB,0.480458
322,4,32,8,64kB,8,1MB,0.537597
323,4,32,8,64kB,8,2MB,0.607305
324,4,64,2,16kB,2,512kB,0.479898
325,4,64,2,16kB,2,1MB,0.537653
326,4,64,2,16kB,2,2MB,0.609916
327,4,64,2,16kB,4,512kB,0.479812
328,4,64,2,16kB,4,1MB,0.537745
329,4,64,2,16kB,4,2MB,0.609916
330,4,64,2,16kB,8,512kB,0.480083
331,4,64,2,16kB,8,1MB,0.537507
332,4,64,2,16kB,8,2MB,0.609958
333,4,64,2,32kB,2,512kB,0.480841
334,4,64,2,32kB,2,1MB,0.538247
335,4,64,2,32kB,2,2MB,0.609974
336,4,64,2,32kB,4,512kB,0.481078
337,4,64,2,32kB,4,1MB,0.538228
338,4,64,2,32kB,4,2MB,0.60997
339,4,64,2,32kB,8,512kB,0.480989
340,4,64,2,32kB,8,1MB,0.538075
341,4,64,2,32kB,8,2MB,0.60997
342,4,64,2,64kB,2,512kB,0.48293
343,4,64,2,64kB,2,1MB,0.540022
344,4,64,2,64kB,2,2MB,0.61003
345,4,64,2,64kB,4,512kB,0.482919
346,4,64,2,64kB,4,1MB,0.539997
347,4,64,2,64kB,4,2MB,0.610024
348,4,64,2,64kB,8,512kB,0.482518
349,4,64,2,64kB,8,1MB,0.539878
350,4,64,2,64kB,8,2MB,0.610022
351,4,64,4,16kB,2,512kB,0.48017
352,4,64,4,16kB,2,1MB,0.537523
353,4,64,4,16kB,2,2MB,0.609975
354,4,64,4,16kB,4,512kB,0.48017
355,4,64,4,16kB,4,1MB,0.53734
356,4,64,4,16kB,4,2MB,0.609975
357,4,64,4,16kB,8,512kB,0.480113
358,4,64,4,16kB,8,1MB,0.537558
359,4,64,4,16kB,8,2MB,0.609975
360,4,64,4,32kB,2,512kB,0.480868
361,4,64,4,32kB,2,1MB,0.538295
362,4,64,4,32kB,2,2MB,0.609992
363,4,64,4,32kB,4,512kB,0.481108
364,4,64,4,32kB,4,1MB,0.538276
365,4,64,4,32kB,4,2MB,0.609987
366,4,64,4,32kB,8,512kB,0.48102
367,4,64,4,32kB,8,1MB,0.538111
368,4,64,4,32kB,8,2MB,0.609987
369,4,64,4,64kB,2,512kB,0.482959
370,4,64,4,64kB,2,1MB,0.540073
371,4,64,4,64kB,2,2MB,0.610047
372,4,64,4,64kB,4,512kB,0.482948
373,4,64,4,64kB,4,1MB,0.540048
374,4,64,4,64kB,4,2MB,0.610041
375,4,64,4,64kB,8,512kB,0.482619
376,4,64,4,64kB,8,1MB,0.539929
377,4,64,4,64kB,8,2MB,0.610039
378,4,64,8,16kB,2,512kB,0.480172
379,4,64,8,16kB,2,1MB,0.537523
380,4,64,8,16kB,2,2MB,0.609975
381,4,64,8,16kB,4,512kB,0.480172
382,4,64,8,16kB,4,1MB,0.53734
383,4,64,8,16kB,4,2MB,0.609975
384,4,64,8,16kB,8,512kB,0.480113
385,4,64,8,16kB,8,1MB,0.537558
386,4,64,8,16kB,8,2MB,0.609975
387,4,64,8,32kB,2,512kB,0.480868
388,4,64,8,32kB,2,1MB,0.538295
389,4,64,8,32kB,2,2MB,0.609992
390,4,64,8,32kB,4,512kB,0.481108
391,4,64,8,32kB,4,1MB,0.538276
392,4,64,8,32kB,4,2MB,0.609987
393,4,64,8,32kB,8,512kB,0.48102
394,4,64,8,32kB,8,1MB,0.538111
395,4,64,8,32kB,8,2MB,0.609987
396,4,64,8,64kB,2,512kB,0.482959
397,4,64,8,64kB,2,1MB,0.540073
398,4,64,8,64kB,2,2MB,0.610047
399,4,64,8,64kB,4,512kB,0.482948
400,4,64,8,64kB,4,1MB,0.540048
401,4,64,8,64kB,4,2MB,0.610041
402,4,64,8,64kB,8,512kB,0.482619
403,4,64,8,64kB,8,1MB,0.539929
404,4,64,8,64kB,8,2MB,0.610039
405,4,128,2,16kB,2,512kB,0.48157
406,4,128,2,16kB,2,1MB,0.53938
407,4,128,2,16kB,2,2MB,0.612311
408,4,128,2,16kB,4,512kB,0.481561
409,4,128,2,16kB,4,1MB,0.53963
410,4,128,2,16kB,4,2MB,0.612443
411,4,128,2,16kB,8,512kB,0.481428
412,4,128,2,16kB,8,1MB,0.539717
413,4,128,2,16kB,8,2MB,0.612443
414,4,128,2,32kB,2,512kB,0.482341
415,4,128,2,32kB,2,1MB,0.540131
416,4,128,2,32kB,2,2MB,0.612459
417,4,128,2,32kB,4,512kB,0.482279
418,4,128,2,32kB,4,1MB,0.540204
419,4,128,2,32kB,4,2MB,0.612455
420,4,128,2,32kB,8,512kB,0.482226
421,4,128,2,32kB,8,1MB,0.540036
422,4,128,2,32kB,8,2MB,0.612455
423,4,128,2,64kB,2,512kB,0.483898
424,4,128,2,64kB,2,1MB,0.542195
425,4,128,2,64kB,2,2MB,0.612516
426,4,128,2,64kB,4,512kB,0.483784
427,4,128,2,64kB,4,1MB,0.541996
428,4,128,2,64kB,4,2MB,0.612509
429,4,128,2,64kB,8,512kB,0.48347
430,4,128,2,64kB,8,1MB,0.541766
431,4,128,2,64kB,8,2MB,0.612507
432,4,128,4,16kB,2,512kB,0.481461
433,4,128,4,16kB,2,1MB,0.539211
434,4,128,4,16kB,2,2MB,0.612541
435,4,128,4,16kB,4,512kB,0.481409
436,4,128,4,16kB,4,1MB,0.53938
437,4,128,4,16kB,4,2MB,0.612541
438,4,128,4,16kB,8,512kB,0.481377
439,4,128,4,16kB,8,1MB,0.539347
440,4,128,4,16kB,8,2MB,0.612541
441,4,128,4,32kB,2,512kB,0.482686
442,4,128,4,32kB,2,1MB,0.540292
443,4,128,4,32kB,2,2MB,0.612558
444,4,128,4,32kB,4,512kB,0.482722
445,4,128,4,32kB,4,1MB,0.540267
446,4,128,4,32kB,4,2MB,0.612553
447,4,128,4,32kB,8,512kB,0.482518
448,4,128,4,32kB,8,1MB,0.540201
449,4,128,4,32kB,8,2MB,0.612553
450,4,128,4,64kB,2,512kB,0.484424
451,4,128,4,64kB,2,1MB,0.542386
452,4,128,4,64kB,2,2MB,0.612615
453,4,128,4,64kB,4,512kB,0.484557
454,4,128,4,64kB,4,1MB,0.54244
455,4,128,4,64kB,4,2MB,0.612608
456,4,128,4,64kB,8,512kB,0.484252
457,4,128,4,64kB,8,1MB,0.542148
458,4,128,4,64kB,8,2MB,0.612606
459,4,128,8,16kB,2,512kB,0.481469
460,4,128,8,16kB,2,1MB,0.539216
461,4,128,8,16kB,2,2MB,0.612554
462,4,128,8,16kB,4,512kB,0.481416
463,4,128,8,16kB,4,1MB,0.53938
464,4,128,8,16kB,4,2MB,0.612554
465,4,128,8,16kB,8,512kB,0.481384
466,4,128,8,16kB,8,1MB,0.539362
467,4,128,8,16kB,8,2MB,0.612554
468,4,128,8,32kB,2,512kB,0.482694
469,4,128,8,32kB,2,1MB,0.540301
470,4,128,8,32kB,2,2MB,0.61257
471,4,128,8,32kB,4,512kB,0.48273
472,4,128,8,32kB,4,1MB,0.540277
473,4,128,8,32kB,4,2MB,0.612566
474,4,128,8,32kB,8,512kB,0.482599
475,4,128,8,32kB,8,1MB,0.54021
476,4,128,8,32kB,8,2MB,0.612566
477,4,128,8,64kB,2,512kB,0.484431
478,4,128,8,64kB,2,1MB,0.542396
479,4,128,8,64kB,2,2MB,0.612627
480,4,128,8,64kB,4,512kB,0.484565
481,4,128,8,64kB,4,1MB,0.54245
482,4,128,8,64kB,4,2MB,0.61262
483,4,128,8,64kB,8,512kB,0.48426
484,4,128,8,64kB,8,1MB,0.542158
485,4,128,8,64kB,8,2MB,0.612618
486,8,32,2,16kB,2,512kB,0.479716
487,8,32,2,16kB,2,1MB,0.536717
488,8,32,2,16kB,2,2MB,0.608623
489,8,32,2,16kB,4,512kB,0.479068
490,8,32,2,16kB,4,1MB,0.536633
491,8,32,2,16kB,4,2MB,0.608772
492,8,32,2,16kB,8,512kB,0.479068
493,8,32,2,16kB,8,1MB,0.536578
494,8,32,2,16kB,8,2MB,0.608772
495,8,32,2,32kB,2,512kB,0.48043
496,8,32,2,32kB,2,1MB,0.537531
497,8,32,2,32kB,2,2MB,0.608791
498,8,32,2,32kB,4,512kB,0.480461
499,8,32,2,32kB,4,1MB,0.53766
500,8,32,2,32kB,4,2MB,0.608791
501,8,32,2,32kB,8,512kB,0.480505
502,8,32,2,32kB,8,1MB,0.537545
503,8,32,2,32kB,8,2MB,0.608791
504,8,32,2,64kB,2,512kB,0.481948
505,8,32,2,64kB,2,1MB,0.538984
506,8,32,2,64kB,2,2MB,0.608966
507,8,32,2,64kB,4,512kB,0.481939
508,8,32,2,64kB,4,1MB,0.538906
509,8,32,2,64kB,4,2MB,0.608959
510,8,32,2,64kB,8,512kB,0.481546
511,8,32,2,64kB,8,1MB,0.538614
512,8,32,2,64kB,8,2MB,0.608957
513,8,32,4,16kB,2,512kB,0.479989
514,8,32,4,16kB,2,1MB,0.536594
515,8,32,4,16kB,2,2MB,0.608772
516,8,32,4,16kB,4,512kB,0.479758
517,8,32,4,16kB,4,1MB,0.536666
518,8,32,4,16kB,4,2MB,0.60902
519,8,32,4,16kB,8,512kB,0.479195
520,8,32,4,16kB,8,1MB,0.536718
521,8,32,4,16kB,8,2MB,0.60902
522,8,32,4,32kB,2,512kB,0.480461
523,8,32,4,32kB,2,1MB,0.537692
524,8,32,4,32kB,2,2MB,0.609037
525,8,32,4,32kB,4,512kB,0.480479
526,8,32,4,32kB,4,1MB,0.537692
527,8,32,4,32kB,4,2MB,0.609032
528,8,32,4,32kB,8,512kB,0.480523
529,8,32,4,32kB,8,1MB,0.537649
530,8,32,4,32kB,8,2MB,0.609032
531,8,32,4,64kB,2,512kB,0.481885
532,8,32,4,64kB,2,1MB,0.539153
533,8,32,4,64kB,2,2MB,0.609093
534,8,32,4,64kB,4,512kB,0.481762
535,8,32,4,64kB,4,1MB,0.538978
536,8,32,4,64kB,4,2MB,0.609086
537,8,32,4,64kB,8,512kB,0.481516
538,8,32,4,64kB,8,1MB,0.538802
539,8,32,4,64kB,8,2MB,0.609084
540,8,32,8,16kB,2,512kB,0.479989
541,8,32,8,16kB,2,1MB,0.536594
542,8,32,8,16kB,2,2MB,0.608772
543,8,32,8,16kB,4,512kB,0.479758
544,8,32,8,16kB,4,1MB,0.536666
545,8,32,8,16kB,4,2MB,0.60902
546,8,32,8,16kB,8,512kB,0.479195
547,8,32,8,16kB,8,1MB,0.536718
548,8,32,8,16kB,8,2MB,0.60902
549,8,32,8,32kB,2,512kB,0.480461
550,8,32,8,32kB,2,1MB,0.537692
551,8,32,8,32kB,2,2MB,0.609037
552,8,32,8,32kB,4,512kB,0.480479
553,8,32,8,32kB,4,1MB,0.537692
554,8,32,8,32kB,4,2MB,0.609032
555,8,32,8,32kB,8,512kB,0.480523
556,8,32,8,32kB,8,1MB,0.537649
557,8,32,8,32kB,8,2MB,0.609032
558,8,32,8,64kB,2,512kB,0.481885
559,8,32,8,64kB,2,1MB,0.539153
560,8,32,8,64kB,2,2MB,0.609093
561,8,32,8,64kB,4,512kB,0.481762
562,8,32,8,64kB,4,1MB,0.538978
563,8,32,8,64kB,4,2MB,0.609086
564,8,32,8,64kB,8,512kB,0.481516
565,8,32,8,64kB,8,1MB,0.538802
566,8,32,8,64kB,8,2MB,0.609084
567,8,64,2,16kB,2,512kB,0.482029
568,8,64,2,16kB,2,1MB,0.540337
569,8,64,2,16kB,2,2MB,0.613619
570,8,64,2,16kB,4,512kB,0.482482
571,8,64,2,16kB,4,1MB,0.540473
572,8,64,2,16kB,4,2MB,0.613749
573,8,64,2,16kB,8,512kB,0.482396
574,8,64,2,16kB,8,1MB,0.540529
575,8,64,2,16kB,8,2MB,0.613749
576,8,64,2,32kB,2,512kB,0.482948
577,8,64,2,32kB,2,1MB,0.541344
578,8,64,2,32kB,2,2MB,0.613759
579,8,64,2,32kB,4,512kB,0.482948
580,8,64,2,32kB,4,1MB,0.541282
581,8,64,2,32kB,4,2MB,0.613759
582,8,64,2,32kB,8,512kB,0.482858
583,8,64,2,32kB,8,1MB,0.541188
584,8,64,2,32kB,8,2MB,0.613759
585,8,64,2,64kB,2,512kB,0.485095
586,8,64,2,64kB,2,1MB,0.542757
587,8,64,2,64kB,2,2MB,0.613821
588,8,64,2,64kB,4,512kB,0.485138
589,8,64,2,64kB,4,1MB,0.542757
590,8,64,2,64kB,4,2MB,0.613938
591,8,64,2,64kB,8,512kB,0.484883
592,8,64,2,64kB,8,1MB,0.542811
593,8,64,2,64kB,8,2MB,0.613938
594,8,64,4,16kB,2,512kB,0.482494
595,8,64,4,16kB,2,1MB,0.540586
596,8,64,4,16kB,2,2MB,0.613777
597,8,64,4,16kB,4,512kB,0.482607
598,8,64,4,16kB,4,1MB,0.540855
599,8,64,4,16kB,4,2MB,0.613918
600,8,64,4,16kB,8,512kB,0.482443
601,8,64,4,16kB,8,1MB,0.540781
602,8,64,4,16kB,8,2MB,0.613918
603,8,64,4,32kB,2,512kB,0.483354
604,8,64,4,32kB,2,1MB,0.541577
605,8,64,4,32kB,2,2MB,0.613935
606,8,64,4,32kB,4,512kB,0.483429
607,8,64,4,32kB,4,1MB,0.541598
608,8,64,4,32kB,4,2MB,0.613918
609,8,64,4,32kB,8,512kB,0.483372
610,8,64,4,32kB,8,1MB,0.541361
611,8,64,4,32kB,8,2MB,0.613918
612,8,64,4,64kB,2,512kB,0.485144
613,8,64,4,64kB,2,1MB,0.543267
614,8,64,4,64kB,2,2MB,0.613981
615,8,64,4,64kB,4,512kB,0.485171
616,8,64,4,64kB,4,1MB,0.54284
617,8,64,4,64kB,4,2MB,0.613981
618,8,64,4,64kB,8,512kB,0.484927
619,8,64,4,64kB,8,1MB,0.542886
620,8,64,4,64kB,8,2MB,0.613981
621,8,64,8,16kB,2,512kB,0.482494
622,8,64,8,16kB,2,1MB,0.540586
623,8,64,8,16kB,2,2MB,0.613777
624,8,64,8,16kB,4,512kB,0.482607
625,8,64,8,16kB,4,1MB,0.540855
626,8,64,8,16kB,4,2MB,0.613918
627,8,64,8,16kB,8,512kB,0.482443
628,8,64,8,16kB,8,1MB,0.540781
629,8,64,8,16kB,8,2MB,0.613918
630,8,64,8,32kB,2,512kB,0.483354
631,8,64,8,32kB,2,1MB,0.541577
632,8,64,8,32kB,2,2MB,0.613935
633,8,64,8,32kB,4,512kB,0.483429
634,8,64,8,32kB,4,1MB,0.541598
635,8,64,8,32kB,4,2MB,0.613918
636,8,64,8,32kB,8,512kB,0.483372
637,8,64,8,32kB,8,1MB,0.541361
638,8,64,8,32kB,8,2MB,0.613918
639,8,64,8,64kB,2,512kB,0.485146
640,8,64,8,64kB,2,1MB,0.543267
641,8,64,8,64kB,2,2MB,0.613981
642,8,64,8,64kB,4,512kB,0.485171
643,8,64,8,64kB,4,1MB,0.54284
644,8,64,8,64kB,4,2MB,0.613981
645,8,64,8,64kB,8,512kB,0.484927
646,8,64,8,64kB,8,1MB,0.542886
647,8,64,8,64kB,8,2MB,0.613981
648,8,128,2,16kB,2,512kB,0.483341
649,8,128,2,16kB,2,1MB,0.542117
650,8,128,2,16kB,2,2MB,0.61557
651,8,128,2,16kB,4,512kB,0.483208
652,8,128,2,16kB,4,1MB,0.542004
653,8,128,2,16kB,4,2MB,0.615568
654,8,128,2,16kB,8,512kB,0.483073
655,8,128,2,16kB,8,1MB,0.542106
656,8,128,2,16kB,8,2MB,0.615568
657,8,128,2,32kB,2,512kB,0.483861
658,8,128,2,32kB,2,1MB,0.542536
659,8,128,2,32kB,2,2MB,0.615568
660,8,128,2,32kB,4,512kB,0.483861
661,8,128,2,32kB,4,1MB,0.542536
662,8,128,2,32kB,4,2MB,0.615568
663,8,128,2,32kB,8,512kB,0.483773
664,8,128,2,32kB,8,1MB,0.542415
665,8,128,2,32kB,8,2MB,0.615568
666,8,128,2,64kB,2,512kB,0.48604
667,8,128,2,64kB,2,1MB,0.544532
668,8,128,2,64kB,2,2MB,0.615637
669,8,128,2,64kB,4,512kB,0.485798
670,8,128,2,64kB,4,1MB,0.544457
671,8,128,2,64kB,4,2MB,0.615613
672,8,128,2,64kB,8,512kB,0.48558
673,8,128,2,64kB,8,1MB,0.544125
674,8,128,2,64kB,8,2MB,0.615613
675,8,128,4,16kB,2,512kB,0.483732
676,8,128,4,16kB,2,1MB,0.542383
677,8,128,4,16kB,2,2MB,0.615626
678,8,128,4,16kB,4,512kB,0.48339
679,8,128,4,16kB,4,1MB,0.542383
680,8,128,4,16kB,4,2MB,0.615651
681,8,128,4,16kB,8,512kB,0.483744
682,8,128,4,16kB,8,1MB,0.542383
683,8,128,4,16kB,8,2MB,0.615624
684,8,128,4,32kB,2,512kB,0.484374
685,8,128,4,32kB,2,1MB,0.542822
686,8,128,4,32kB,2,2MB,0.615651
687,8,128,4,32kB,4,512kB,0.484366
688,8,128,4,32kB,4,1MB,0.542797
689,8,128,4,32kB,4,2MB,0.615651
690,8,128,4,32kB,8,512kB,0.484279
691,8,128,4,32kB,8,1MB,0.542786
692,8,128,4,32kB,8,2MB,0.615651
693,8,128,4,64kB,2,512kB,0.486087
694,8,128,4,64kB,2,1MB,0.544439
695,8,128,4,64kB,2,2MB,0.615734
696,8,128,4,64kB,4,512kB,0.485923
697,8,128,4,64kB,4,1MB,0.544322
698,8,128,4,64kB,4,2MB,0.615715
699,8,128,4,64kB,8,512kB,0.485628
700,8,128,4,64kB,8,1MB,0.54418
701,8,128,4,64kB,8,2MB,0.615715
702,8,128,8,16kB,2,512kB,0.48374
703,8,128,8,16kB,2,1MB,0.542393
704,8,128,8,16kB,2,2MB,0.615638
705,8,128,8,16kB,4,512kB,0.483397
706,8,128,8,16kB,4,1MB,0.542393
707,8,128,8,16kB,4,2MB,0.615663
708,8,128,8,16kB,8,512kB,0.483752
709,8,128,8,16kB,8,1MB,0.542393
710,8,128,8,16kB,8,2MB,0.615636
711,8,128,8,32kB,2,512kB,0.484382
712,8,128,8,32kB,2,1MB,0.542832
713,8,128,8,32kB,2,2MB,0.615663
714,8,128,8,32kB,4,512kB,0.484373
715,8,128,8,32kB,4,1MB,0.542806
716,8,128,8,32kB,4,2MB,0.615663
717,8,128,8,32kB,8,512kB,0.484287
718,8,128,8,32kB,8,1MB,0.542795
719,8,128,8,32kB,8,2MB,0.615663
720,8,128,8,64kB,2,512kB,0.486095
721,8,128,8,64kB,2,1MB,0.544449
722,8,128,8,64kB,2,2MB,0.615747
723,8,128,8,64kB,4,512kB,0.485931
724,8,128,8,64kB,4,1MB,0.544332
725,8,128,8,64kB,4,2MB,0.615727
726,8,128,8,64kB,8,512kB,0.485635
727,8,128,8,64kB,8,1MB,0.54419
728,8,128,8,64kB,8,2MB,0.615727
